OrderNumber,CustomerNumber,OrderDate,OrderQuantity,OrderPrice,ProductNumber
10396,FRANK,2021-12-27,40,"57,6",23
10396,FRANK,2021-12-27,21,"222,4",72
10396,FRANK,2021-12-27,60,"137,6",71
10653,FRANK,2022-09-02,20,272,60
10653,FRANK,2022-09-02,30,"139,6",16
10664,FURIB,2022-09-10,12,304,56
10664,FURIB,2022-09-10,15,"168,4",65
10664,FURIB,2022-09-10,24,248,10
10665,LONEP,2022-09-11,10,144,76
10665,LONEP,2022-09-11,20,424,51
10665,LONEP,2022-09-11,1,440,59
10677,ANTON,2022-09-22,30,"249,84",26
10677,ANTON,2022-09-22,8,20,33
11027,BOTTM,2023-04-16,21,"394,4",62
11027,BOTTM,2023-04-16,30,36,24
10393,SAVEA,2021-12-25,25,"121,6",2
10393,SAVEA,2021-12-25,42,"148,8",14
10393,SAVEA,2021-12-25,70,"199,2",26
10393,SAVEA,2021-12-25,7,"89,6",25
10393,SAVEA,2021-12-25,32,80,31
10465,VAFFE,2022-03-05,20,"117,6",40
10465,VAFFE,2022-03-05,25,"28,8",24
10465,VAFFE,2022-03-05,25,104,50
10465,VAFFE,2022-03-05,30,"60,8",45
10465,VAFFE,2022-03-05,18,792,29
10325,KOENE,2021-10-09,12,"38,4",13
10325,KOENE,2021-10-09,9,"148,8",14
10325,KOENE,2021-10-09,40,"222,4",72
10325,KOENE,2021-10-09,6,160,6
10325,KOENE,2021-10-09,4,80,31
10746,CHOPS,2022-11-19,9,"394,4",62
10746,CHOPS,2022-11-19,40,288,69
10746,CHOPS,2022-11-19,6,48,13
10746,CHOPS,2022-11-19,28,112,42
10655,REGGC,2022-09-03,20,"77,2",41
10311,DUMON,2021-09-20,6,"89,6",42
10311,DUMON,2021-09-20,7,"230,4",69
10709,GOURL,2022-10-17,10,272,60
10709,GOURL,2022-10-17,40,320,8
10709,GOURL,2022-10-17,28,424,51
10718,KOENE,2022-10-27,40,152,36
10718,KOENE,2022-10-27,20,"394,4",62
10718,KOENE,2022-10-27,20,"139,6",16
10718,KOENE,2022-10-27,36,304,12
10486,HILAA,2022-03-26,5,"134,4",11
10486,HILAA,2022-03-26,25,"339,2",51
10486,HILAA,2022-03-26,16,64,74
10605,MEREP,2022-07-21,15,172,71
10605,MEREP,2022-07-21,20,440,59
10605,MEREP,2022-07-21,30,"139,6",16
10605,MEREP,2022-07-21,70,272,60
10690,HANAR,2022-10-02,20,304,56
10690,HANAR,2022-10-02,30,104,77
10394,HUNGC,2021-12-25,10,"315,2",62
10394,HUNGC,2021-12-25,10,"38,4",13
10405,LINOD,2022-01-06,50,64,3
10361,QUICK,2021-11-22,54,"115,2",39
10361,QUICK,2021-11-22,55,"217,6",60
10461,LILAS,2022-02-28,40,64,21
10461,LILAS,2022-02-28,60,"153,6",55
10461,LILAS,2022-02-28,28,"165,6",30
10743,AROUT,2022-11-17,28,96,46
10689,BERGS,2022-10-01,35,144,1
10376,MEREP,2021-12-09,42,80,31
10886,HANAR,2023-02-13,40,104,77
10886,HANAR,2023-02-13,35,100,31
10886,HANAR,2023-02-13,70,248,10
10713,SAVEA,2022-10-22,30,"249,84",26
10713,SAVEA,2022-10-22,24,96,46
10713,SAVEA,2022-10-22,18,248,10
10713,SAVEA,2022-10-22,110,76,45
10612,SAVEA,2022-07-28,40,272,60
10612,SAVEA,2022-07-28,70,248,10
10612,SAVEA,2022-07-28,18,160,49
10612,SAVEA,2022-07-28,80,144,76
10612,SAVEA,2022-07-28,55,152,36
10717,FRANK,2022-10-24,15,"59,6",54
10717,FRANK,2022-10-24,25,288,69
10717,FRANK,2022-10-24,32,80,21
10952,ALFKI,2023-03-16,16,200,6
10952,ALFKI,2023-03-16,2,"364,8",28
10616,GREAL,2022-07-31,15,120,70
10616,GREAL,2022-07-31,15,2108,38
10616,GREAL,2022-07-31,15,172,71
10616,GREAL,2022-07-31,14,304,56
10992,THEBI,2023-04-01,2,"278,4",72
10789,FOLIG,2022-12-22,15,144,35
10789,FOLIG,2022-12-22,30,"351,2",63
10789,FOLIG,2022-12-22,30,500,18
10789,FOLIG,2022-12-22,18,100,68
10710,FRANS,2022-10-20,5,76,47
10710,FRANS,2022-10-20,5,"73,6",19
10788,QUICK,2022-12-22,40,62,75
10788,QUICK,2022-12-22,50,"73,6",19
10579,LETSS,2022-06-25,10,124,15
10579,LETSS,2022-06-25,21,62,75
10630,KOENE,2022-08-13,12,192,55
10630,KOENE,2022-08-13,35,144,76
10733,BERGS,2022-11-07,20,"364,8",28
10733,BERGS,2022-11-07,25,56,52
10733,BERGS,2022-11-07,16,186,14
10275,MAGAA,2021-08-07,12,"28,8",24
10275,MAGAA,2021-08-07,6,352,59
10785,GROSR,2022-12-18,10,62,75
10785,GROSR,2022-12-18,10,248,10
11064,SAVEA,2023-05-01,12,"77,2",41
11064,SAVEA,2023-05-01,25,"262,4",53
11064,SAVEA,2023-05-01,4,192,55
11064,SAVEA,2023-05-01,77,312,17
11064,SAVEA,2023-05-01,55,100,68
10773,ERNSH,2022-12-11,70,100,31
10773,ERNSH,2022-12-11,33,312,17
10773,ERNSH,2022-12-11,7,62,75
10598,RATTC,2022-07-14,9,172,71
10598,RATTC,2022-07-14,50,"351,2",27
10776,ERNSH,2022-12-15,12,112,42
10776,ERNSH,2022-12-15,16,100,31
10776,ERNSH,2022-12-15,120,424,51
10776,ERNSH,2022-12-15,27,76,45
10293,TORTU,2021-08-29,10,"28,8",24
10293,TORTU,2021-08-29,5,"280,8",63
10293,TORTU,2021-08-29,12,400,18
10293,TORTU,2021-08-29,6,"49,6",75
10374,WOLZA,2021-12-05,15,"84,8",58
10374,WOLZA,2021-12-05,30,80,31
10357,LILAS,2021-11-19,30,"198,4",10
10357,LILAS,2021-11-19,16,"199,2",26
10357,LILAS,2021-11-19,8,"217,6",60
10306,ROMEY,2021-09-16,10,"209,6",53
10306,ROMEY,2021-09-16,10,"165,6",30
10306,ROMEY,2021-09-16,5,"47,2",54
10976,HILAA,2023-03-25,20,"364,8",28
10991,QUICK,2023-04-01,20,120,70
10991,QUICK,2023-04-01,50,152,2
10991,QUICK,2023-04-01,90,144,76
11012,FRANK,2023-04-09,50,"73,6",19
11012,FRANK,2023-04-09,60,172,71
11012,FRANK,2023-04-09,36,272,60
10995,PERIC,2023-04-02,20,424,51
10995,PERIC,2023-04-02,4,272,60
10340,BONAP,2021-10-29,12,"61,6",41
10340,BONAP,2021-10-29,40,"294,4",43
10340,BONAP,2021-10-29,20,400,18
10371,LAMAI,2021-12-03,6,"121,6",36
10984,SAVEA,2023-03-30,40,152,36
10984,SAVEA,2023-03-30,20,36,24
10984,SAVEA,2023-03-30,55,"139,6",16
10377,SEVES,2021-12-09,20,"115,2",39
10377,SEVES,2021-12-09,20,"291,2",28
10316,RATTC,2021-09-27,10,"61,6",41
10316,RATTC,2021-09-27,70,"315,2",62
10364,EASTC,2021-11-26,5,"137,6",71
10364,EASTC,2021-11-26,30,"230,4",69
10668,WANDK,2022-09-15,15,266,64
10668,WANDK,2022-09-15,4,192,55
10668,WANDK,2022-09-15,8,100,31
10270,WARTH,2021-08-01,25,"294,4",43
10270,WARTH,2021-08-01,30,"121,6",36
10671,FRANR,2022-09-17,10,"394,4",62
10671,FRANR,2022-09-17,10,"139,6",16
10671,FRANR,2022-09-17,12,"168,4",65
10626,BERGS,2022-08-11,12,"262,4",53
10626,BERGS,2022-08-11,20,272,60
10626,BERGS,2022-08-11,20,172,71
10921,VAFFE,2023-03-03,10,144,35
10921,VAFFE,2023-03-03,40,"351,2",63
10800,SEVES,2022-12-26,10,424,51
10800,SEVES,2022-12-26,50,168,11
10800,SEVES,2022-12-26,7,"59,6",54
10902,FOLKO,2023-02-23,6,"394,4",62
10902,FOLKO,2023-02-23,30,192,55
10975,BOTTM,2023-03-25,10,62,75
10975,BOTTM,2023-03-25,16,320,8
10792,WOLZA,2022-12-23,10,152,2
10792,WOLZA,2022-12-23,15,100,68
10792,WOLZA,2022-12-23,3,"59,6",54
10351,ERNSH,2021-11-11,10,"134,4",65
10351,ERNSH,2021-11-11,20,"1686,4",38
10351,ERNSH,2021-11-11,13,"61,6",41
10351,ERNSH,2021-11-11,77,124,44
10258,ERNSH,2021-07-17,6,"204,8",32
10258,ERNSH,2021-07-17,50,"121,6",2
10258,ERNSH,2021-07-17,65,136,5
10910,WILMK,2023-02-26,10,160,49
10910,WILMK,2023-02-26,5,228,61
10910,WILMK,2023-02-26,12,"73,6",19
10400,EASTC,2022-01-01,35,"115,2",35
10400,EASTC,2022-01-01,21,792,29
10400,EASTC,2022-01-01,30,128,49
10680,OLDWO,2022-09-24,40,112,42
10680,OLDWO,2022-09-24,20,100,31
10680,OLDWO,2022-09-24,50,"139,6",16
10401,RATTC,2022-01-01,20,"134,4",65
10401,RATTC,2022-01-01,60,"137,6",71
10401,RATTC,2022-01-01,70,"243,2",56
10401,RATTC,2022-01-01,18,"165,6",30
10968,ERNSH,2023-03-23,30,36,24
10968,ERNSH,2023-03-23,30,304,12
10968,ERNSH,2023-03-23,4,266,64
10969,COMMI,2023-03-23,9,96,46
10562,REGGC,2022-06-09,10,"394,4",62
10562,REGGC,2022-06-09,20,20,33
10928,GALED,2023-03-05,5,76,47
10928,GALED,2023-03-05,5,144,76
10946,VAFFE,2023-03-12,40,104,77
10946,VAFFE,2023-03-12,25,36,24
10946,VAFFE,2023-03-12,25,248,10
10304,TORTU,2021-09-12,10,352,59
10304,TORTU,2021-09-12,30,128,49
10304,TORTU,2021-09-12,2,"137,6",71
10821,SPLIR,2023-01-08,6,424,51
10821,SPLIR,2023-01-08,20,144,35
10825,DRACD,2023-01-09,12,"249,84",26
10825,DRACD,2023-01-09,20,"262,4",53
10618,MEREP,2022-08-01,15,100,68
10618,MEREP,2022-08-01,20,304,56
10618,MEREP,2022-08-01,70,200,6
10469,WHITC,2022-03-10,40,"121,6",2
10469,WHITC,2022-03-10,35,"111,2",16
10469,WHITC,2022-03-10,2,124,44
10525,BONAP,2022-05-02,15,"147,2",40
10525,BONAP,2022-05-02,30,152,36
10542,KOENE,2022-05-20,15,168,11
10542,KOENE,2022-05-20,24,"59,6",54
10888,GODOS,2023-02-16,20,152,2
10888,GODOS,2023-02-16,18,100,68
10587,QUEDE,2022-07-02,6,"249,84",26
10587,QUEDE,2022-07-02,20,104,77
10587,QUEDE,2022-07-02,20,144,35
10385,SPLIR,2021-12-17,10,192,7
10385,SPLIR,2021-12-17,20,"217,6",60
10385,SPLIR,2021-12-17,8,80,68
10567,HUNGO,2022-06-12,40,440,59
10567,HUNGO,2022-06-12,60,100,31
10567,HUNGO,2022-06-12,3,424,51
10508,OTTIK,2022-04-16,10,48,13
10508,OTTIK,2022-04-16,10,144,39
10604,FURIB,2022-07-18,10,144,76
10604,FURIB,2022-07-18,6,102,48
10813,RICAR,2023-01-05,12,152,2
10813,RICAR,2023-01-05,35,96,46
10827,BONAP,2023-01-12,15,248,10
10827,BONAP,2023-01-12,21,144,39
10524,BERGS,2022-05-01,10,"207,12",30
10524,BERGS,2022-05-01,15,"59,6",54
10524,BERGS,2022-05-01,2,248,10
10524,BERGS,2022-05-01,60,368,43
10835,ALFKI,2023-01-15,15,440,59
10835,ALFKI,2023-01-15,2,104,77
10834,TRADH,2023-01-15,20,"207,12",30
10834,TRADH,2023-01-15,8,"990,32",29
10546,VICTE,2022-05-23,10,240,7
10546,VICTE,2022-05-23,40,"394,4",62
10546,VICTE,2022-05-23,30,144,35
10537,RICSU,2022-05-14,9,120,73
10537,RICSU,2022-05-14,6,424,51
10537,RICSU,2022-05-14,20,106,58
10537,RICSU,2022-05-14,21,"278,4",72
10537,RICSU,2022-05-14,30,100,31
10558,AROUT,2022-06-04,20,424,51
10558,AROUT,2022-06-04,25,76,47
10558,AROUT,2022-06-04,30,56,52
10558,AROUT,2022-06-04,18,"262,4",53
10558,AROUT,2022-06-04,3,120,73
10950,MAGAA,2023-03-16,5,176,4
10842,TORTU,2023-01-20,5,368,43
10842,TORTU,2023-01-20,12,120,70
10842,TORTU,2023-01-20,15,168,11
10842,TORTU,2023-01-20,20,100,68
10482,LAZYK,2022-03-21,10,"117,6",40
11067,DRACD,2023-05-04,9,"77,2",41
10850,VICTE,2023-01-23,20,112,25
10850,VICTE,2023-01-23,30,120,70
10850,VICTE,2023-01-23,4,20,33
10473,ISLAT,2022-03-13,12,16,33
10473,ISLAT,2022-03-13,12,"137,6",71
10859,FRANK,2023-01-29,40,36,24
10859,FRANK,2023-01-29,35,"59,6",54
10859,FRANK,2023-01-29,30,266,64
11069,TORTU,2023-05-04,20,144,39
10387,SANTG,2021-12-18,12,352,59
10387,SANTG,2021-12-18,15,"28,8",24
10387,SANTG,2021-12-18,15,"137,6",71
10387,SANTG,2021-12-18,6,"291,2",28
10285,QUICK,2021-08-20,40,"117,6",40
10285,QUICK,2021-08-20,36,"209,6",53
10285,QUICK,2021-08-20,45,"115,2",1
10292,TRADH,2021-08-28,20,"518,4",20
10453,AROUT,2022-02-21,15,"81,6",48
10453,AROUT,2022-02-21,25,96,70
10981,HANAR,2023-03-27,60,2108,38
10591,VAFFE,2022-07-07,10,240,7
10591,VAFFE,2022-07-07,50,"59,6",54
10591,VAFFE,2022-07-07,14,80,3
11038,SUPRD,2023-04-21,5,"147,2",40
11038,SUPRD,2023-04-21,30,172,71
11038,SUPRD,2023-04-21,2,56,52
10900,WELLI,2023-02-20,3,120,70
10894,SAVEA,2023-02-18,50,288,69
10894,SAVEA,2023-02-18,28,48,13
10894,SAVEA,2023-02-18,120,62,75
10877,RICAR,2023-02-09,25,500,18
10877,RICAR,2023-02-09,30,"139,6",16
10314,RATTC,2021-09-25,40,"204,8",32
10314,RATTC,2021-09-25,25,"315,2",62
10314,RATTC,2021-09-25,30,"84,8",58
11023,BSBEV,2023-04-14,30,368,43
11023,BSBEV,2023-04-14,4,240,7
10909,SANTG,2023-02-26,5,"77,2",41
10909,SANTG,2023-02-26,12,240,7
10909,SANTG,2023-02-26,15,"139,6",16
10916,RANCH,2023-02-27,6,256,32
10916,RANCH,2023-02-27,6,"139,6",16
10916,RANCH,2023-02-27,20,156,57
11020,OTTIK,2023-04-14,24,248,10
10404,MAGAA,2022-01-03,40,"89,6",42
10404,MAGAA,2022-01-03,30,128,49
10404,MAGAA,2022-01-03,30,"199,2",26
11010,REGGC,2023-04-09,10,36,24
11010,REGGC,2023-04-09,20,240,7
10832,LAMAI,2023-01-14,10,112,25
10832,LAMAI,2023-01-14,16,"155,6",44
10832,LAMAI,2023-01-14,3,48,13
10832,LAMAI,2023-01-14,3,266,64
10487,QUEEN,2022-03-26,5,"58,4",19
10487,QUEEN,2022-03-26,30,"199,2",26
10487,QUEEN,2022-03-26,24,"47,2",54
11009,GODOS,2023-04-08,12,36,24
11009,GODOS,2023-04-08,9,272,60
11009,GODOS,2023-04-08,18,152,36
10990,ERNSH,2023-04-01,65,80,21
10990,ERNSH,2023-04-01,65,192,55
10990,ERNSH,2023-04-01,60,112,34
10990,ERNSH,2023-04-01,66,228,61
11005,WILMK,2023-04-07,10,440,59
11005,WILMK,2023-04-07,2,144,1
10989,QUEDE,2023-03-31,40,200,6
10989,QUEDE,2023-03-31,15,168,11
10989,QUEDE,2023-03-31,4,"77,2",41
10462,CONSH,2022-03-03,21,"57,6",23
10462,CONSH,2022-03-03,1,"38,4",13
10388,SEVES,2021-12-19,40,"209,6",53
10388,SEVES,2021-12-19,15,"60,8",45
10388,SEVES,2021-12-19,20,"44,8",52
11014,LINOD,2023-04-10,28,"77,2",41
11015,SANTG,2023-04-10,15,"207,12",30
11015,SANTG,2023-04-10,18,104,77
10939,MAGAA,2023-03-10,10,152,2
10939,MAGAA,2023-03-10,40,112,67
10919,LINOD,2023-03-02,20,"147,2",40
10919,LINOD,2023-03-02,24,112,25
10919,LINOD,2023-03-02,24,"139,6",16
10398,SAVEA,2021-12-30,30,"115,2",35
10398,SAVEA,2021-12-30,120,"153,6",55
10971,FRANR,2023-03-24,14,"990,32",29
10985,HUNGO,2023-03-30,35,256,32
10985,HUNGO,2023-03-30,36,"139,6",16
10985,HUNGO,2023-03-30,8,500,18
11000,RATTC,2023-04-06,25,176,4
11000,RATTC,2023-04-06,30,104,77
11000,RATTC,2023-04-06,30,36,24
11001,FOLKO,2023-04-06,6,192,55
11001,FOLKO,2023-04-06,25,96,46
11001,FOLKO,2023-04-06,25,168,22
11001,FOLKO,2023-04-06,60,240,7
11035,SUPRD,2023-04-20,10,"59,6",54
11035,SUPRD,2023-04-20,10,144,1
11035,SUPRD,2023-04-20,30,112,42
11035,SUPRD,2023-04-20,60,144,35
10982,BOTTM,2023-03-27,9,368,43
10982,BOTTM,2023-03-27,20,240,7
10379,QUEDE,2021-12-11,20,"134,4",65
10379,QUEDE,2021-12-11,16,"280,8",63
10379,QUEDE,2021-12-11,8,"61,6",41
10683,DUMON,2022-09-26,9,56,52
10983,SAVEA,2023-03-27,15,156,57
10983,SAVEA,2023-03-27,84,48,13
11060,FRANS,2023-04-30,10,104,77
11060,FRANS,2023-04-30,4,272,60
10912,HUNGO,2023-02-26,40,168,11
10912,HUNGO,2023-02-26,60,"990,32",29
10915,TORTU,2023-02-27,10,"59,6",54
10915,TORTU,2023-02-27,10,312,17
10915,TORTU,2023-02-27,30,20,33
10673,WILMK,2022-09-18,6,112,42
10673,WILMK,2022-09-18,6,368,43
10673,WILMK,2022-09-18,3,"139,6",16
10313,QUICK,2021-09-24,12,"121,6",36
10583,WARTH,2022-06-30,10,"990,32",29
10583,WARTH,2022-06-30,10,288,69
10583,WARTH,2022-06-30,24,272,60
10595,ERNSH,2022-07-10,30,144,35
10595,ERNSH,2022-07-10,65,288,69
10595,ERNSH,2022-07-10,120,228,61
10737,VINET,2022-11-11,12,"77,2",41
10737,VINET,2022-11-11,4,48,13
10345,QUICK,2021-11-04,9,"89,6",42
10345,QUICK,2021-11-04,70,256,8
10345,QUICK,2021-11-04,80,"58,4",19
10691,QUICK,2022-10-03,40,368,43
10691,QUICK,2022-10-03,40,"990,32",29
10691,QUICK,2022-10-03,30,144,1
10691,QUICK,2022-10-03,24,"155,6",44
10691,QUICK,2022-10-03,48,"394,4",62
10407,OTTIK,2022-01-07,15,"137,6",71
10407,OTTIK,2022-01-07,15,"230,4",69
10407,OTTIK,2022-01-07,30,"134,4",11
10368,ERNSH,2021-11-29,5,64,21
10368,ERNSH,2021-11-29,35,"212,8",64
10368,ERNSH,2021-11-29,25,"124,8",57
10368,ERNSH,2021-11-29,13,"291,2",28
10657,SAVEA,2022-09-04,10,76,47
10657,SAVEA,2022-09-04,30,272,60
10657,SAVEA,2022-09-04,50,124,15
10657,SAVEA,2022-09-04,24,"77,2",41
10657,SAVEA,2022-09-04,45,96,46
10657,SAVEA,2022-09-04,45,304,56
11032,WHITC,2023-04-17,35,152,36
11032,WHITC,2023-04-17,25,2108,38
11032,WHITC,2023-04-17,30,440,59
10967,TOMSP,2023-03-23,12,"73,6",19
10967,TOMSP,2023-03-23,40,160,49
11013,ROMEY,2023-04-09,10,72,23
11013,ROMEY,2023-04-09,20,76,45
11013,ROMEY,2023-04-09,2,100,68
11013,ROMEY,2023-04-09,4,112,42
10727,REGGC,2022-11-03,10,304,56
10727,REGGC,2022-11-03,10,440,59
10727,REGGC,2022-11-03,20,312,17
10561,FOLKO,2022-06-06,10,"155,6",44
10561,FOLKO,2022-06-06,50,424,51
10563,RICAR,2022-06-10,25,152,36
10563,RICAR,2022-06-10,70,56,52
10339,MEREP,2021-10-28,10,"140,8",4
10339,MEREP,2021-10-28,28,"315,2",62
10339,MEREP,2021-10-28,70,"249,6",17
11053,PICCO,2023-04-27,35,500,18
11053,PICCO,2023-04-27,20,256,32
11053,PICCO,2023-04-27,25,266,64
10553,WARTH,2022-05-30,15,168,11
10553,WARTH,2022-05-30,6,144,35
10553,WARTH,2022-05-30,30,100,31
10553,WARTH,2022-05-30,24,168,22
10553,WARTH,2022-05-30,14,"139,6",16
10676,TORTU,2022-09-22,21,"155,6",44
10676,TORTU,2022-09-22,2,248,10
10676,TORTU,2022-09-22,7,"73,6",19
10307,LONEP,2021-09-17,10,"315,2",62
10307,LONEP,2021-09-17,3,80,68
10300,MAGAA,2021-09-09,20,80,68
10300,MAGAA,2021-09-09,30,"108,8",66
10295,VINET,2021-09-02,4,"243,2",56
10312,WANDK,2021-09-23,10,"49,6",75
10312,WANDK,2021-09-23,20,"209,6",53
10312,WANDK,2021-09-23,4,"291,2",28
10312,WANDK,2021-09-23,24,"294,4",43
10392,PICCO,2021-12-24,50,"230,4",69
10663,BONAP,2022-09-10,20,424,51
10663,BONAP,2022-09-10,30,"147,2",40
10663,BONAP,2022-09-10,30,112,42
10457,KOENE,2022-02-25,36,352,59
10414,FAMIA,2022-01-14,50,16,33
10414,FAMIA,2022-01-14,18,"58,4",19
10798,ISLAT,2022-12-26,10,"278,4",72
10798,ISLAT,2022-12-26,2,"394,4",62
10588,QUICK,2022-07-03,40,500,18
10588,QUICK,2022-07-03,100,112,42
10541,HANAR,2022-05-19,9,172,71
10541,HANAR,2022-05-19,35,36,24
10541,HANAR,2022-05-19,36,"168,4",65
10541,HANAR,2022-05-19,4,2108,38
11042,COMMI,2023-04-22,15,"155,6",44
11042,COMMI,2023-04-22,4,228,61
10265,BLONP,2021-07-25,20,96,70
10265,BLONP,2021-07-25,30,"249,6",17
10846,SUPRD,2023-01-22,20,80,74
10846,SUPRD,2023-01-22,21,176,4
10846,SUPRD,2023-01-22,30,120,70
10280,BERGS,2021-08-14,12,"28,8",24
10280,BERGS,2021-08-14,20,"153,6",55
10280,BERGS,2021-08-14,30,"49,6",75
10552,HILAA,2022-05-29,30,62,75
10552,HILAA,2022-05-29,18,288,69
10805,THEBI,2022-12-30,10,112,34
10805,THEBI,2022-12-30,10,2108,38
10808,OLDWO,2023-01-01,20,304,56
10808,OLDWO,2023-01-01,50,144,76
10810,LAUGB,2023-01-01,5,112,25
10810,LAUGB,2023-01-01,5,120,70
10810,LAUGB,2023-01-01,7,48,13
10752,NORTS,2022-11-24,8,144,1
10752,NORTS,2022-11-24,3,288,69
10686,PICCO,2022-09-30,15,"249,84",26
10686,PICCO,2022-09-30,30,312,17
10615,WILMK,2022-07-30,5,192,55
10858,LACOR,2023-01-29,10,"351,2",27
10858,LACOR,2023-01-29,5,240,7
10858,LACOR,2023-01-29,4,120,70
10478,VICTE,2022-03-18,20,"198,4",10
10734,GOURL,2022-11-07,15,"207,12",30
10734,GOURL,2022-11-07,20,144,76
10734,GOURL,2022-11-07,30,200,6
10515,QUICK,2022-04-23,50,"139,6",16
10515,QUICK,2022-04-23,16,776,9
10515,QUICK,2022-04-23,16,20,33
10515,QUICK,2022-04-23,120,"351,2",27
10515,QUICK,2022-04-23,84,272,60
10787,LAMAI,2022-12-19,15,152,2
10787,LAMAI,2022-12-19,20,"990,32",29
10471,BSBEV,2022-03-11,20,"243,2",56
10471,BSBEV,2022-03-11,30,192,7
10620,LAUGB,2022-08-05,5,36,24
10620,LAUGB,2022-08-05,5,56,52
10556,SIMOB,2022-06-03,24,"278,4",72
10865,QUICK,2023-02-02,60,2108,38
10865,QUICK,2023-02-02,80,144,39
11028,KOENE,2023-04-16,35,192,55
11028,KOENE,2023-04-16,24,440,59
10780,LILAS,2022-12-16,35,120,70
10780,LILAS,2022-12-16,15,104,77
10422,FRANS,2022-01-22,2,"199,2",26
10502,PERIC,2022-04-10,6,"262,4",53
10502,PERIC,2022-04-10,21,76,45
10502,PERIC,2022-04-10,30,112,67
10949,BOTTM,2023-03-13,12,200,6
10949,BOTTM,2023-03-13,6,312,17
10949,BOTTM,2023-03-13,30,248,10
10949,BOTTM,2023-03-13,60,"394,4",62
10327,FOLKO,2021-10-11,35,"165,6",30
10327,FOLKO,2021-10-11,25,"121,6",2
10327,FOLKO,2021-10-11,30,"84,8",58
10327,FOLKO,2021-10-11,50,"134,4",11
10819,CACTU,2023-01-07,20,62,75
10819,CACTU,2023-01-07,7,368,43
10738,SPECD,2022-11-12,3,"139,6",16
10781,WARTH,2022-12-17,35,80,74
10781,WARTH,2022-12-17,20,304,56
10781,WARTH,2022-12-17,3,"59,6",54
10669,SIMOB,2022-09-15,30,152,36
10815,SAVEA,2023-01-05,16,20,33
10277,MORGK,2021-08-09,12,"315,2",62
10277,MORGK,2021-08-09,20,"291,2",28
10994,VAFFE,2023-04-02,18,440,59
10516,HUNGO,2022-04-24,20,112,42
10516,HUNGO,2022-04-24,25,500,18
10516,HUNGO,2022-04-24,80,"77,2",41
10903,HANAR,2023-02-24,40,48,13
10903,HANAR,2023-02-24,20,100,68
10903,HANAR,2023-02-24,21,"168,4",65
10253,HANAR,2021-07-10,40,128,49
10253,HANAR,2021-07-10,20,80,31
10253,HANAR,2021-07-10,42,"115,2",39
10256,WELLI,2021-07-15,12,"83,2",77
10256,WELLI,2021-07-15,15,"209,6",53
10429,HUNGO,2022-01-29,40,104,50
10429,HUNGO,2022-01-29,35,"280,8",63
10479,RATTC,2022-03-19,30,"212,8",64
10479,RATTC,2022-03-19,30,"1686,4",38
10479,RATTC,2022-03-19,60,352,59
10479,RATTC,2022-03-19,28,"209,6",53
10831,SANTG,2023-01-14,9,368,43
10831,SANTG,2023-01-14,2,"73,6",19
10831,SANTG,2023-01-14,8,144,35
10831,SANTG,2023-01-14,8,2108,38
10904,WHITC,2023-02-24,35,"394,4",62
10904,WHITC,2023-02-24,15,106,58
11041,CHOPS,2023-04-22,30,152,2
11041,CHOPS,2023-04-22,30,"351,2",63
10814,VICTE,2023-01-05,20,368,43
10814,VICTE,2023-01-05,20,"77,2",41
10814,VICTE,2023-01-05,30,228,61
10814,VICTE,2023-01-05,8,102,48
10948,GODOS,2023-03-13,9,130,50
10948,GODOS,2023-03-13,40,424,51
10948,GODOS,2023-03-13,4,192,55
10433,PRINI,2022-02-03,28,"243,2",56
10592,LEHMS,2022-07-08,5,"249,84",26
10592,LEHMS,2022-07-08,25,124,15
10434,FOLKO,2022-02-03,6,"134,4",11
10434,FOLKO,2022-02-03,18,"115,2",76
10432,SPLIR,2022-01-31,10,"199,2",26
10432,SPLIR,2022-01-31,40,"47,2",54
10413,LAMAI,2022-01-14,40,"315,2",62
10413,LAMAI,2022-01-14,24,"115,2",1
10413,LAMAI,2022-01-14,14,"115,2",76
10860,FRANR,2023-01-29,20,144,76
10860,FRANR,2023-01-29,3,424,51
11049,GOURL,2023-04-24,10,152,2
11049,GOURL,2023-04-24,4,304,12
10879,WILMK,2023-02-10,10,"168,4",65
10879,WILMK,2023-02-10,10,144,76
10879,WILMK,2023-02-10,12,"147,2",40
10321,ISLAT,2021-10-03,10,"115,2",35
10856,ANTON,2023-01-28,20,112,42
10856,ANTON,2023-01-28,20,152,2
10739,VINET,2022-11-12,6,152,36
10739,VINET,2022-11-12,18,56,52
10438,TOMSP,2022-02-06,15,"124,8",57
10438,TOMSP,2022-02-06,15,"58,4",19
10438,TOMSP,2022-02-06,20,"89,6",34
10415,HUNGC,2022-01-15,20,16,33
10415,HUNGC,2022-01-15,2,"249,6",17
10934,LEHMS,2023-03-09,20,200,6
11006,GREAL,2023-04-07,2,"990,32",29
11006,GREAL,2023-04-07,8,144,1
10918,BOTTM,2023-03-02,25,272,60
10918,BOTTM,2023-03-02,60,144,1
10855,OLDWO,2023-01-27,15,"168,4",65
10855,OLDWO,2023-01-27,50,"139,6",16
10855,OLDWO,2023-01-27,24,304,56
10855,OLDWO,2023-01-27,14,100,31
11063,HUNGO,2023-04-30,40,"147,2",40
11063,HUNGO,2023-04-30,30,112,34
11063,HUNGO,2023-04-30,30,"77,2",41
10468,KOENE,2022-03-07,15,"294,4",43
10468,KOENE,2022-03-07,8,"165,6",30
10365,ANTON,2021-11-27,24,"134,4",11
10375,HUNGC,2021-12-06,10,"47,2",54
10375,HUNGC,2021-12-06,15,"148,8",14
10517,NORTS,2022-04-24,6,120,70
10517,NORTS,2022-04-24,6,56,52
10517,NORTS,2022-04-24,4,440,59
10924,BERGS,2023-03-04,6,62,75
10924,BERGS,2023-03-04,20,248,10
10924,BERGS,2023-03-04,30,"364,8",28
10444,BERGS,2022-02-12,10,"249,6",17
10444,BERGS,2022-02-12,15,"199,2",26
10444,BERGS,2022-02-12,30,"61,6",41
10444,BERGS,2022-02-12,8,"115,2",35
10547,SEVES,2022-05-23,60,152,36
10547,SEVES,2022-05-23,24,256,32
10753,FRANS,2022-11-25,5,80,74
10753,FRANS,2022-11-25,4,76,45
10938,QUICK,2023-03-10,35,172,71
10938,QUICK,2023-03-10,20,48,13
10938,QUICK,2023-03-10,24,368,43
10938,QUICK,2023-03-10,49,272,60
10441,OLDWO,2022-02-10,50,"280,8",27
10936,GREAL,2023-03-09,30,152,36
10895,ERNSH,2023-02-18,45,144,39
10895,ERNSH,2023-02-18,100,272,60
10895,ERNSH,2023-02-18,110,36,24
10895,ERNSH,2023-02-18,91,"147,2",40
10540,QUICK,2022-05-19,40,"249,84",26
10540,QUICK,2022-05-19,35,100,68
10540,QUICK,2022-05-19,30,2108,38
10540,QUICK,2022-05-19,60,80,3
10536,LEHMS,2022-05-14,35,272,60
10536,LEHMS,2022-05-14,15,304,12
10536,LEHMS,2022-05-14,20,100,31
10536,LEHMS,2022-05-14,30,20,33
10449,BLONP,2022-02-18,35,"315,2",62
10449,BLONP,2022-02-18,20,"44,8",52
10449,BLONP,2022-02-18,14,"198,4",10
10748,SAVEA,2022-11-20,40,"147,2",40
10748,SAVEA,2022-11-20,28,304,56
10748,SAVEA,2022-11-20,44,72,23
10505,MEREP,2022-04-14,3,"394,4",62
10442,ERNSH,2022-02-11,30,"134,4",11
10442,ERNSH,2022-02-11,60,"108,8",66
10442,ERNSH,2022-02-11,80,"47,2",54
10495,LAUGB,2022-04-03,10,"57,6",23
10495,LAUGB,2022-04-03,5,"83,2",77
10495,LAUGB,2022-04-03,20,"61,6",41
10925,HANAR,2023-03-04,12,56,52
10925,HANAR,2023-03-04,25,152,36
10817,KOENE,2023-01-06,40,"249,84",26
10817,KOENE,2023-01-06,25,"394,4",62
10817,KOENE,2023-01-06,30,2108,38
10817,KOENE,2023-01-06,60,"147,2",40
10530,PICCO,2022-05-08,40,312,17
10530,PICCO,2022-05-08,20,228,61
10530,PICCO,2022-05-08,25,368,43
10530,PICCO,2022-05-08,50,144,76
10820,RATTC,2023-01-07,30,304,56
10581,FAMIA,2022-06-26,50,62,75
10988,RATTC,2023-03-31,40,"394,4",62
10988,RATTC,2023-03-31,60,240,7
10548,TOMSP,2022-05-26,10,112,34
10548,TOMSP,2022-05-26,14,"77,2",41
10960,HILAA,2023-03-19,10,36,24
10960,HILAA,2023-03-19,24,"77,2",41
10897,HUNGO,2023-02-19,36,"207,12",30
10897,HUNGO,2023-02-19,80,"990,32",29
10484,BSBEV,2022-03-24,10,"117,6",40
10484,BSBEV,2022-03-24,3,"339,2",51
10484,BSBEV,2022-03-24,14,64,21
10839,TRADH,2023-01-19,15,"278,4",72
10839,TRADH,2023-01-19,30,106,58
10838,LINOD,2023-01-19,25,500,18
10838,LINOD,2023-01-19,50,152,36
10838,LINOD,2023-01-19,4,144,1
10409,OCEAN,2022-01-09,12,"148,8",14
10409,OCEAN,2022-01-09,12,64,21
10514,ERNSH,2022-04-22,35,"364,8",28
10514,ERNSH,2022-04-22,50,62,75
10514,ERNSH,2022-04-22,70,304,56
10514,ERNSH,2022-04-22,39,"168,4",65
10514,ERNSH,2022-04-22,39,648,20
10947,BSBEV,2023-03-13,4,440,59
10964,SPECD,2023-03-20,10,288,69
10964,SPECD,2023-03-20,5,2108,38
10964,SPECD,2023-03-20,6,500,18
10796,HILAA,2022-12-25,10,"155,6",44
10796,HILAA,2022-12-25,35,266,64
10796,HILAA,2022-12-25,21,"249,84",26
10796,HILAA,2022-12-25,24,288,69
10854,ERNSH,2023-01-27,65,48,13
10854,ERNSH,2023-01-27,100,248,10
10769,VAFFE,2022-12-08,15,"394,4",62
10769,VAFFE,2022-12-08,15,56,52
10769,VAFFE,2022-12-08,20,228,61
10769,VAFFE,2022-12-08,30,"77,2",41
10625,ANATR,2022-08-08,10,272,60
10625,ANATR,2022-08-08,5,112,42
10625,ANATR,2022-08-08,3,186,14
10806,VICTE,2022-12-31,15,80,74
10806,VICTE,2022-12-31,20,152,2
10806,VICTE,2022-12-31,2,"168,4",65
10445,BERGS,2022-02-13,15,"47,2",54
10445,BERGS,2022-02-13,6,"115,2",39
10436,BLONP,2022-02-05,5,"76,8",46
10436,BLONP,2022-02-05,40,"243,2",56
10436,BLONP,2022-02-05,30,"212,8",64
10436,BLONP,2022-02-05,24,"49,6",75
10715,BONAP,2022-10-23,21,248,10
10715,BONAP,2022-10-23,30,172,71
10758,RICSU,2022-11-28,40,120,70
10758,RICSU,2022-11-28,20,"249,84",26
10758,RICSU,2022-11-28,60,56,52
10619,MEREP,2022-08-04,40,168,22
10619,MEREP,2022-08-04,42,80,21
10759,ANATR,2022-11-28,10,256,32
10266,WARTH,2021-07-26,12,"243,2",12
10763,FOLIG,2022-12-03,40,80,21
10763,FOLIG,2022-12-03,6,168,22
10763,FOLIG,2022-12-03,20,36,24
10684,OTTIK,2022-09-26,40,76,47
10684,OTTIK,2022-09-26,20,"147,2",40
10684,OTTIK,2022-09-26,30,272,60
10765,QUICK,2022-12-04,80,"168,4",65
10682,ANTON,2022-09-25,30,62,75
10682,ANTON,2022-09-25,30,20,33
10682,ANTON,2022-09-25,4,136,66
10572,BERGS,2022-06-18,10,256,32
10572,BERGS,2022-06-18,12,"139,6",16
10572,BERGS,2022-06-18,15,62,75
10572,BERGS,2022-06-18,50,"147,2",40
10391,DRACD,2021-12-23,18,"38,4",13
10568,GALED,2022-06-13,5,248,10
10330,LILAS,2021-10-16,25,"222,4",72
10330,LILAS,2021-10-16,50,"199,2",26
10420,WELLI,2022-01-21,20,96,73
10420,WELLI,2022-01-21,20,"620,8",9
10420,WELLI,2022-01-21,2,"38,4",13
10420,WELLI,2022-01-21,8,96,70
10697,LINOD,2022-10-08,9,144,35
10697,LINOD,2022-10-08,30,120,70
10697,LINOD,2022-10-08,30,106,58
10697,LINOD,2022-10-08,7,"73,6",19
10352,FURIB,2021-11-12,10,"28,8",24
10352,FURIB,2021-11-12,20,"47,2",54
11057,NORTS,2023-04-29,3,120,70
10638,LINOD,2022-08-20,20,76,45
10638,LINOD,2022-08-20,21,"168,4",65
10638,LINOD,2022-08-20,60,"278,4",72
10793,AROUT,2022-12-24,8,56,52
10793,AROUT,2022-12-24,14,"77,2",41
10570,MEREP,2022-06-17,15,168,11
10570,MEREP,2022-06-17,60,304,56
10723,WHITC,2022-10-30,15,"249,84",26
10974,SPLIR,2023-03-25,10,"351,2",63
10362,BONAP,2021-11-25,20,"339,2",51
10362,BONAP,2021-11-25,50,"89,6",25
10362,BONAP,2021-11-25,24,"47,2",54
10911,GODOS,2023-02-26,10,144,1
10911,GODOS,2023-02-26,12,312,17
10911,GODOS,2023-02-26,15,112,67
10576,TORTU,2022-06-23,10,144,1
10576,TORTU,2022-06-23,20,100,31
10576,TORTU,2022-06-23,21,"155,6",44
11004,MAISD,2023-04-07,6,144,76
11004,MAISD,2023-04-07,6,"249,84",26
10762,FOLKO,2022-12-02,30,76,47
10762,FOLKO,2022-12-02,16,144,39
10762,FOLKO,2022-12-02,60,304,56
10762,FOLKO,2022-12-02,28,424,51
11003,THECR,2023-04-06,10,"147,2",40
11003,THECR,2023-04-06,10,56,52
11003,THECR,2023-04-06,4,144,1
10699,MORGK,2022-10-09,12,76,47
10283,LILAS,2021-08-16,35,"217,6",60
10283,LILAS,2021-08-16,20,"99,2",15
10283,LILAS,2021-08-16,18,"58,4",19
10283,LILAS,2021-08-16,3,"222,4",72
10410,BOTTM,2022-01-10,16,352,59
10410,BOTTM,2022-01-10,49,16,33
10492,BOTTM,2022-04-01,20,"89,6",42
10492,BOTTM,2022-04-01,60,"89,6",25
10332,MEREP,2021-10-17,10,"89,6",42
10332,MEREP,2021-10-17,40,400,18
10332,MEREP,2021-10-17,16,"60,8",47
10251,VICTE,2021-07-08,15,"124,8",57
10251,VICTE,2021-07-08,6,"134,4",22
10251,VICTE,2021-07-08,20,"134,4",65
10751,RICSU,2022-11-24,12,"249,84",26
10751,RICSU,2022-11-24,15,120,73
10751,RICSU,2022-11-24,20,130,50
10751,RICSU,2022-11-24,30,"207,12",30
10662,LONEP,2022-09-09,10,100,68
11011,ALFKI,2023-04-09,40,106,58
11011,ALFKI,2023-04-09,20,172,71
10732,BONAP,2022-11-06,20,144,76
10273,QUICK,2021-08-05,15,80,31
10273,QUICK,2021-08-05,20,16,33
10273,QUICK,2021-08-05,60,"117,6",40
10273,QUICK,2021-08-05,24,"198,4",10
10273,QUICK,2021-08-05,33,"115,2",76
10644,WELLI,2022-08-25,20,368,43
10644,WELLI,2022-08-25,21,96,46
10644,WELLI,2022-08-25,4,500,18
10778,BERGS,2022-12-16,10,"77,2",41
10582,BLAUS,2022-06-27,4,156,57
10582,BLAUS,2022-06-27,14,144,76
10779,MORGK,2022-12-16,20,"394,4",62
10779,MORGK,2022-12-16,20,"139,6",16
10712,HUNGO,2022-10-21,30,304,56
10712,HUNGO,2022-10-21,3,"262,4",53
10772,LEHMS,2022-12-10,25,440,59
10772,LEHMS,2022-12-10,18,"990,32",29
10381,LILAS,2021-12-12,14,64,74
10309,HUNGO,2021-09-19,20,"294,4",43
10309,HUNGO,2021-09-19,20,"140,8",4
10309,HUNGO,2021-09-19,30,160,6
10309,HUNGO,2021-09-19,2,"89,6",42
10309,HUNGO,2021-09-19,3,"137,6",71
10594,OLDWO,2022-07-09,30,106,58
10594,OLDWO,2022-07-09,24,56,52
10700,SAVEA,2022-10-10,5,144,1
10700,SAVEA,2022-10-10,12,112,34
10700,SAVEA,2022-10-10,40,100,68
10700,SAVEA,2022-10-10,60,172,71
10742,BOTTM,2022-11-14,35,"278,4",72
10742,BOTTM,2022-11-14,20,80,3
10742,BOTTM,2022-11-14,50,272,60
11021,QUICK,2023-04-14,35,"278,4",72
11021,QUICK,2023-04-14,15,648,20
11021,QUICK,2023-04-14,11,152,2
11021,QUICK,2023-04-14,44,424,51
11021,QUICK,2023-04-14,63,"249,84",26
10768,AROUT,2022-12-08,12,172,71
10768,AROUT,2022-12-08,15,272,60
10768,AROUT,2022-12-08,50,100,31
10768,AROUT,2022-12-08,4,168,22
10346,RATTC,2021-11-05,20,"243,2",56
10346,RATTC,2021-11-05,36,"249,6",17
10681,GREAL,2022-09-25,12,80,21
10681,GREAL,2022-09-25,30,"73,6",19
10681,GREAL,2022-09-25,28,266,64
10693,WHITC,2022-10-06,15,120,73
10693,WHITC,2022-10-06,6,776,9
10693,WHITC,2022-10-06,30,288,69
10693,WHITC,2022-10-06,60,"59,6",54
10384,BERGS,2021-12-16,15,"217,6",60
10384,BERGS,2021-12-16,28,"518,4",20
11052,HANAR,2023-04-27,10,228,61
11052,HANAR,2023-04-27,30,368,43
10640,WANDK,2022-08-21,15,120,70
10640,WANDK,2022-08-21,20,288,69
10861,WHITC,2023-01-30,40,80,21
10861,WHITC,2023-01-30,35,20,33
10861,WHITC,2023-01-30,20,500,18
10861,WHITC,2023-01-30,42,312,17
10861,WHITC,2023-01-30,3,"394,4",62
10670,FRANK,2022-09-16,25,62,75
10670,FRANK,2022-09-16,25,112,67
10670,FRANK,2022-09-16,50,120,73
10670,FRANK,2022-09-16,60,96,46
10670,FRANK,2022-09-16,32,72,23
11029,CHOPS,2023-04-16,12,"351,2",63
11029,CHOPS,2023-04-16,20,304,56
10281,ROMEY,2021-08-14,6,"28,8",24
10281,ROMEY,2021-08-14,1,"58,4",19
10281,ROMEY,2021-08-14,4,"115,2",35
10843,VICTE,2023-01-21,4,424,51
10284,LEHMS,2021-08-19,5,"89,6",67
10284,LEHMS,2021-08-19,15,"280,8",27
10284,LEHMS,2021-08-19,20,"217,6",60
10284,LEHMS,2021-08-19,21,124,44
10282,ROMEY,2021-08-15,6,"165,6",30
10282,ROMEY,2021-08-15,2,"124,8",57
10726,EASTC,2022-11-03,5,168,11
10726,EASTC,2022-11-03,25,176,4
10645,HANAR,2022-08-26,15,152,36
10645,HANAR,2022-08-26,20,500,18
10526,WARTH,2022-05-05,10,48,13
10526,WARTH,2022-05-05,30,304,56
10526,WARTH,2022-05-05,8,144,1
10382,ERNSH,2021-12-13,9,400,18
10382,ERNSH,2021-12-13,50,64,74
10382,ERNSH,2021-12-13,60,16,33
10382,ERNSH,2021-12-13,14,792,29
10382,ERNSH,2021-12-13,32,136,5
10698,ERNSH,2022-10-09,12,"990,32",29
10698,ERNSH,2022-10-09,15,168,11
10698,ERNSH,2022-10-09,65,"168,4",65
10698,ERNSH,2022-10-09,8,120,70
10698,ERNSH,2022-10-09,8,312,17
10980,FOLKO,2023-03-27,40,62,75
10470,BONAP,2022-03-11,15,"57,6",23
10470,BONAP,2022-03-11,30,400,18
10470,BONAP,2022-03-11,8,"212,8",64
10881,CACTU,2023-02-11,10,120,73
10760,MAISD,2022-12-01,12,112,25
10760,MAISD,2022-12-01,40,"351,2",27
10760,MAISD,2022-12-01,30,368,43
10447,RICAR,2022-02-14,40,"58,4",19
10447,RICAR,2022-02-14,35,"134,4",65
10447,RICAR,2022-02-14,2,"137,6",71
10485,LINOD,2022-03-25,20,64,3
10485,LINOD,2022-03-25,20,"121,6",2
10485,LINOD,2022-03-25,30,"153,6",55
10485,LINOD,2022-03-25,60,96,70
10431,BOTTM,2022-01-30,30,"60,8",47
10431,BOTTM,2022-01-30,50,"249,6",17
10431,BOTTM,2022-01-30,50,"117,6",40
10440,SAVEA,2022-02-10,24,792,29
10440,SAVEA,2022-02-10,45,"121,6",2
10440,SAVEA,2022-02-10,49,"111,2",16
10440,SAVEA,2022-02-10,90,"182,4",61
10927,LACOR,2023-03-05,5,648,20
10927,LACOR,2023-03-05,5,56,52
10927,LACOR,2023-03-05,20,144,76
10448,RANCH,2022-02-17,6,"199,2",26
10448,RANCH,2022-02-17,20,"117,6",40
10464,FURIB,2022-03-04,20,"217,6",60
10464,FURIB,2022-03-04,30,"243,2",56
10464,FURIB,2022-03-04,16,"140,8",4
10464,FURIB,2022-03-04,3,"294,4",43
10459,VICTE,2022-02-27,40,"222,4",72
10459,VICTE,2022-02-27,20,"76,8",46
10459,VICTE,2022-02-27,16,192,7
10427,PICCO,2022-01-27,35,"148,8",14
10636,WARTH,2022-08-19,6,106,58
10636,WARTH,2022-08-19,25,176,4
10267,FRANK,2021-07-29,15,"115,2",76
10267,FRANK,2021-07-29,50,"117,6",40
10267,FRANK,2021-07-29,70,352,59
10288,REGGC,2021-08-23,10,"47,2",54
10288,REGGC,2021-08-23,3,80,68
10613,HILAA,2022-07-29,40,62,75
10613,HILAA,2022-07-29,8,48,13
10419,RICSU,2022-01-20,20,"230,4",69
10419,RICSU,2022-01-20,60,"217,6",60
10522,LEHMS,2022-04-30,40,144,1
10522,LEHMS,2022-04-30,20,"207,12",30
10522,LEHMS,2022-04-30,25,"147,2",40
10522,LEHMS,2022-04-30,24,320,8
10966,CHOPS,2023-03-20,12,"394,4",62
10966,CHOPS,2023-03-20,12,304,56
10966,CHOPS,2023-03-20,8,208,37
10323,KOENE,2021-10-07,5,"99,2",15
10323,KOENE,2021-10-07,4,"115,2",39
10323,KOENE,2021-10-07,4,"89,6",25
10584,BLONP,2022-06-30,50,100,31
10261,QUEDE,2021-07-19,20,"115,2",35
10261,QUEDE,2021-07-19,20,64,21
11026,FRANS,2023-04-15,10,424,51
11026,FRANS,2023-04-15,8,500,18
11024,EASTC,2023-04-15,12,"249,84",26
11024,EASTC,2023-04-15,21,"168,4",65
11024,EASTC,2023-04-15,30,20,33
11024,EASTC,2023-04-15,50,172,71
10252,SUPRD,2021-07-09,40,"518,4",20
10252,SUPRD,2021-07-09,40,"217,6",60
10252,SUPRD,2021-07-09,25,16,33
10250,HANAR,2021-07-08,10,"61,6",41
10250,HANAR,2021-07-08,35,"339,2",51
10250,HANAR,2021-07-08,15,"134,4",65
10426,GALED,2022-01-27,5,"243,2",56
10426,GALED,2022-01-27,7,"212,8",64
10658,QUICK,2022-09-05,60,80,21
10658,QUICK,2022-09-05,70,104,77
10658,QUICK,2022-09-05,70,"147,2",40
10658,QUICK,2022-09-05,55,272,60
10878,QUICK,2023-02-10,20,648,20
10430,ERNSH,2022-01-30,30,"243,2",56
10430,ERNSH,2022-01-30,50,64,21
10430,ERNSH,2022-01-30,70,352,59
10430,ERNSH,2022-01-30,45,"249,6",17
10389,BOTTM,2021-12-20,15,"153,6",55
10389,BOTTM,2021-12-20,20,"315,2",62
10389,BOTTM,2021-12-20,30,96,70
10389,BOTTM,2021-12-20,16,"198,4",10
10807,FRANS,2022-12-31,1,"147,2",40
10617,GREAL,2022-07-31,30,440,59
10621,ISLAT,2022-08-05,10,72,23
10621,ISLAT,2022-08-05,5,"73,6",19
10621,ISLAT,2022-08-05,15,172,71
10621,ISLAT,2022-08-05,20,120,70
10348,WANDK,2021-11-07,15,"115,2",1
10348,WANDK,2021-11-07,25,"57,6",23
10344,WHITC,2021-11-01,35,"140,8",4
10344,WHITC,2021-11-01,70,256,8
10342,FRANK,2021-10-30,40,"153,6",55
10342,FRANK,2021-10-30,40,"121,6",36
10342,FRANK,2021-10-30,24,"121,6",2
10342,FRANK,2021-10-30,56,80,31
11044,WOLZA,2023-04-23,12,"394,4",62
10329,SPLIR,2021-10-15,10,"58,4",19
10329,SPLIR,2021-10-15,12,"243,2",56
10329,SPLIR,2021-10-15,20,"1686,4",38
10329,SPLIR,2021-10-15,8,"165,6",30
10608,TOMSP,2022-07-23,28,304,56
10299,RICAR,2021-09-06,15,"58,4",19
10299,RICAR,2021-09-06,20,96,70
11002,SAVEA,2023-04-06,40,192,55
11002,SAVEA,2023-04-06,15,144,35
11002,SAVEA,2023-04-06,24,112,42
11002,SAVEA,2023-04-06,56,48,13
10418,QUICK,2022-01-17,15,64,74
10418,QUICK,2022-01-17,16,"182,4",61
10418,QUICK,2022-01-17,60,"121,6",2
10418,QUICK,2022-01-17,55,"60,8",47
10945,MORGK,2023-03-12,10,100,31
10945,MORGK,2023-03-12,20,48,13
10544,LONEP,2022-05-21,7,112,67
10544,LONEP,2022-05-21,7,"364,8",28
10901,HILAA,2023-02-23,30,"77,2",41
10901,HILAA,2023-02-23,30,172,71
10574,TRAIH,2022-06-19,10,"394,4",62
10574,TRAIH,2022-06-19,6,266,64
10574,TRAIH,2022-06-19,2,"147,2",40
10574,TRAIH,2022-06-19,14,20,33
10535,ANTON,2022-05-13,10,"147,2",40
10535,ANTON,2022-05-13,5,156,57
10535,ANTON,2022-05-13,15,440,59
10535,ANTON,2022-05-13,50,168,11
10624,THECR,2022-08-07,10,"364,8",28
10624,THECR,2022-08-07,10,"155,6",44
10624,THECR,2022-08-07,6,"990,32",29
10518,TORTU,2022-04-25,5,36,24
10518,TORTU,2022-04-25,9,"155,6",44
10518,TORTU,2022-04-25,15,2108,38
10499,LILAS,2022-04-08,20,"364,8",28
10499,LILAS,2022-04-08,25,160,49
10326,BOLID,2021-10-10,50,"49,6",75
10326,BOLID,2021-10-10,16,"124,8",57
10326,BOLID,2021-10-10,24,"140,8",4
10803,WELLI,2022-12-30,15,112,25
10803,WELLI,2022-12-30,15,440,59
10803,WELLI,2022-12-30,24,"73,6",19
10343,LEHMS,2021-10-31,15,"115,2",76
10343,LEHMS,2021-10-31,50,"212,8",64
10343,LEHMS,2021-10-31,4,80,68
10702,ALFKI,2022-10-13,15,144,76
10702,ALFKI,2022-10-13,6,80,3
10302,SUPRD,2021-09-10,12,"294,4",43
10302,SUPRD,2021-09-10,40,"249,6",17
10302,SUPRD,2021-09-10,28,"291,2",28
10652,GOURL,2022-09-01,20,112,42
10652,GOURL,2022-09-01,2,"207,12",30
10260,OTTIK,2021-07-19,15,"315,2",62
10260,OTTIK,2021-07-19,21,96,70
10260,OTTIK,2021-07-19,50,"124,8",57
10260,OTTIK,2021-07-19,16,"61,6",41
10647,QUEDE,2022-08-27,20,144,39
10647,QUEDE,2022-08-27,30,"73,6",19
10294,RATTC,2021-08-30,15,"249,6",17
10294,RATTC,2021-08-30,15,"294,4",43
10294,RATTC,2021-08-30,6,"49,6",75
10294,RATTC,2021-08-30,21,"217,6",60
10294,RATTC,2021-08-30,18,"115,2",1
10509,BLAUS,2022-04-17,3,"364,8",28
10873,WILMK,2023-02-06,20,80,21
10873,WILMK,2023-02-06,3,"364,8",28
10641,HILAA,2022-08-22,50,152,2
10641,HILAA,2022-08-22,60,"147,2",40
10315,ISLAT,2021-09-26,30,96,70
10315,ISLAT,2021-09-26,14,"89,6",34
10494,COMMI,2022-04-02,30,"243,2",56
10972,LACOR,2023-03-24,6,312,17
10972,LACOR,2023-03-24,7,20,33
10728,QUEEN,2022-11-04,12,192,55
10728,QUEEN,2022-11-04,15,272,60
10728,QUEEN,2022-11-04,15,"207,12",30
10728,QUEEN,2022-11-04,6,"147,2",40
10943,BSBEV,2023-03-11,15,96,46
10943,BSBEV,2023-03-11,15,48,13
10943,BSBEV,2023-03-11,21,168,22
10328,FURIB,2021-10-14,10,80,68
10328,FURIB,2021-10-14,9,352,59
10328,FURIB,2021-10-14,40,"134,4",65
10725,FAMIA,2022-10-31,12,"77,2",41
10725,FAMIA,2022-10-31,6,192,55
10725,FAMIA,2022-10-31,4,56,52
10454,LAMAI,2022-02-21,10,"76,8",46
10454,LAMAI,2022-02-21,20,16,33
10454,LAMAI,2022-02-21,20,"111,2",16
10906,WOLZA,2023-02-25,15,228,61
10257,HILAA,2021-07-16,15,"83,2",77
10257,HILAA,2021-07-16,6,"115,2",39
10257,HILAA,2021-07-16,25,"280,8",27
10551,FURIB,2022-05-28,40,"139,6",16
10551,FURIB,2022-05-28,40,"155,6",44
10551,FURIB,2022-05-28,20,144,35
10917,ROMEY,2023-03-02,10,272,60
10917,ROMEY,2023-03-02,1,"207,12",30
10716,RANCH,2022-10-24,10,228,61
10716,RANCH,2022-10-24,5,80,21
10716,RANCH,2022-10-24,7,424,51
10931,RICSU,2023-03-06,42,48,13
10931,RICSU,2023-03-06,30,156,57
10554,OTTIK,2022-05-30,10,104,77
10554,OTTIK,2022-05-30,20,"394,4",62
10554,OTTIK,2022-05-30,20,72,23
10554,OTTIK,2022-05-30,30,"139,6",16
10674,ISLAT,2022-09-18,5,72,23
10692,ALFKI,2022-10-03,20,"351,2",63
10847,SAVEA,2023-01-22,12,"73,6",19
10847,SAVEA,2023-01-22,60,208,37
10847,SAVEA,2023-01-22,36,76,45
10847,SAVEA,2023-01-22,45,272,60
10847,SAVEA,2023-01-22,80,144,1
10847,SAVEA,2023-01-22,55,172,71
10707,AROUT,2022-10-16,40,156,57
10707,AROUT,2022-10-16,21,192,55
10707,AROUT,2022-10-16,28,120,70
10622,RICAR,2022-08-06,20,152,2
10622,RICAR,2022-08-06,18,100,68
10685,GOURL,2022-09-29,15,76,47
10685,GOURL,2022-09-29,20,248,10
10685,GOURL,2022-09-29,4,"77,2",41
10741,AROUT,2022-11-14,15,152,2
10908,REGGC,2023-02-26,20,240,7
10908,REGGC,2023-02-26,14,56,52
10629,GODOS,2022-08-12,9,266,64
10629,GODOS,2022-08-12,20,"990,32",29
10628,BLONP,2022-08-12,25,144,1
10920,AROUT,2023-03-03,24,130,50
10935,WELLI,2023-03-09,21,144,1
10935,WELLI,2023-03-09,4,500,18
10935,WELLI,2023-03-09,8,72,23
10740,WHITC,2022-11-13,5,"364,8",28
10740,WHITC,2022-11-13,40,76,45
10740,WHITC,2022-11-13,35,144,35
10740,WHITC,2022-11-13,14,304,56
10451,QUICK,2022-02-19,35,"212,8",64
10451,QUICK,2022-02-19,28,"134,4",65
10451,QUICK,2022-02-19,55,"83,2",77
10451,QUICK,2022-02-19,120,"153,6",55
10466,COMMI,2022-03-06,10,"134,4",11
10466,COMMI,2022-03-06,5,"76,8",46
10783,HANAR,2022-12-18,10,100,31
10783,HANAR,2022-12-18,5,2108,38
10892,MAISD,2023-02-17,40,440,59
10766,OTTIK,2022-12-05,40,152,2
10766,OTTIK,2022-12-05,40,100,68
10766,OTTIK,2022-12-05,35,240,7
10930,SUPRD,2023-03-06,25,192,55
10930,SUPRD,2023-03-06,25,"351,2",27
10930,SUPRD,2023-03-06,30,106,58
10930,SUPRD,2023-03-06,36,80,21
10926,ANATR,2023-03-04,10,48,13
10926,ANATR,2023-03-04,10,"278,4",72
10926,ANATR,2023-03-04,2,168,11
10926,ANATR,2023-03-04,7,"73,6",19
10634,FOLIG,2022-08-15,35,240,7
10634,FOLIG,2022-08-15,15,424,51
10634,FOLIG,2022-08-15,50,500,18
10634,FOLIG,2022-08-15,2,62,75
10996,QUICK,2023-04-02,40,112,42
11018,LONEP,2023-04-13,10,500,18
11018,LONEP,2023-04-13,5,304,56
11018,LONEP,2023-04-13,20,304,12
10898,OCEAN,2023-02-20,5,48,13
10504,WHITC,2022-04-11,10,"262,4",53
10504,WHITC,2022-04-11,12,80,21
10504,WHITC,2022-04-11,12,152,2
10504,WHITC,2022-04-11,25,228,61
10884,LETSS,2023-02-12,12,"168,4",65
10884,LETSS,2023-02-12,40,80,21
10884,LETSS,2023-02-12,21,304,56
10784,MAGAA,2022-12-18,30,152,36
10784,MAGAA,2022-12-18,30,"278,4",72
10784,MAGAA,2022-12-18,2,144,39
10338,OLDWO,2021-10-25,15,"165,6",30
10338,OLDWO,2021-10-25,20,"249,6",17
10606,TRADH,2022-07-22,10,"394,4",62
10606,TRADH,2022-07-22,20,192,55
10606,TRADH,2022-07-22,20,176,4
10363,DRACD,2021-11-26,12,"115,2",76
10363,DRACD,2021-11-26,12,"49,6",75
10363,DRACD,2021-11-26,20,80,31
10882,SAVEA,2023-02-11,20,160,49
10882,SAVEA,2023-02-11,25,112,42
10882,SAVEA,2023-02-11,32,"59,6",54
10774,FOLKO,2022-12-11,50,136,66
10774,FOLKO,2022-12-11,2,100,31
10337,FRANK,2021-10-24,40,"57,6",23
10337,FRANK,2021-10-24,20,"121,6",36
10337,FRANK,2021-10-24,25,"222,4",72
10337,FRANK,2021-10-24,28,"166,4",37
10337,FRANK,2021-10-24,24,"199,2",26
10493,LAMAI,2022-04-02,10,"230,4",69
10493,LAMAI,2022-04-02,10,"108,8",66
10493,LAMAI,2022-04-02,15,"134,4",65
10863,HILAA,2023-02-02,12,106,58
10863,HILAA,2023-02-02,20,144,1
10913,QUEEN,2023-02-26,40,20,33
10913,QUEEN,2023-02-26,15,106,58
10913,QUEEN,2023-02-26,30,176,4
10347,FAMIA,2021-11-06,10,"89,6",25
10347,FAMIA,2021-11-06,6,"49,6",75
10347,FAMIA,2021-11-06,50,"115,2",39
10347,FAMIA,2021-11-06,4,"117,6",40
10373,HUNGO,2021-12-05,50,"137,6",71
10373,HUNGO,2021-12-05,80,"84,8",58
10600,HUNGC,2022-07-16,30,120,73
10600,HUNGC,2022-07-16,4,"59,6",54
10417,SIMOB,2022-01-16,35,"83,2",77
10417,SIMOB,2022-01-16,50,"1686,4",38
10417,SIMOB,2022-01-16,2,"76,8",46
10417,SIMOB,2022-01-16,36,80,68
10755,BONAP,2022-11-26,25,288,69
10755,BONAP,2022-11-26,30,76,47
10755,BONAP,2022-11-26,30,304,56
10755,BONAP,2022-11-26,14,156,57
10511,BONAP,2022-04-18,10,320,8
10511,BONAP,2022-04-18,50,176,4
10511,BONAP,2022-04-18,50,240,7
10864,AROUT,2023-02-02,15,112,67
10864,AROUT,2023-02-02,4,144,35
10688,VAFFE,2022-10-01,60,"364,8",28
10688,VAFFE,2022-10-01,18,248,10
10688,VAFFE,2022-10-01,14,112,34
10816,GREAL,2023-01-06,20,"394,4",62
10816,GREAL,2023-01-06,30,2108,38
10802,SIMOB,2022-12-29,5,"394,4",62
10802,SIMOB,2022-12-29,25,"207,12",30
10802,SIMOB,2022-12-29,30,424,51
10802,SIMOB,2022-12-29,60,192,55
10749,ISLAT,2022-11-20,10,144,76
10749,ISLAT,2022-11-20,15,304,56
10749,ISLAT,2022-11-20,6,440,59
10580,OTTIK,2022-06-26,9,"77,2",41
10580,OTTIK,2022-06-26,15,186,14
10580,OTTIK,2022-06-26,30,"168,4",65
10403,ERNSH,2022-01-03,21,"111,2",16
10403,ERNSH,2022-01-03,70,"81,6",48
10840,LINOD,2023-01-19,10,144,39
10840,LINOD,2023-01-19,6,112,25
10830,TRADH,2023-01-13,6,200,6
10830,TRADH,2023-01-13,30,272,60
10830,TRADH,2023-01-13,28,144,39
10830,TRADH,2023-01-13,24,100,68
10801,BOLID,2022-12-29,40,312,17
10801,BOLID,2022-12-29,20,"990,32",29
10259,CENTC,2021-07-18,10,64,21
10259,CENTC,2021-07-18,1,"166,4",37
10590,MEREP,2022-07-07,20,144,1
10590,MEREP,2022-07-07,60,104,77
10875,BERGS,2023-02-06,15,160,49
10875,BERGS,2023-02-06,25,"73,6",19
10875,BERGS,2023-02-06,21,76,47
10564,RATTC,2022-06-10,6,100,31
10564,RATTC,2022-06-10,25,192,55
10564,RATTC,2022-06-10,16,312,17
10767,SUPRD,2022-12-05,2,112,42
10360,BLONP,2021-11-22,10,"1686,4",38
10360,BLONP,2021-11-22,35,128,49
10360,BLONP,2021-11-22,35,792,29
10360,BLONP,2021-11-22,30,"291,2",28
10360,BLONP,2021-11-22,28,"47,2",54
10578,BSBEV,2022-06-24,6,156,57
10578,BSBEV,2022-06-24,20,144,35
10899,LILAS,2023-02-20,8,144,39
10650,FAMIA,2022-08-29,25,"262,4",53
10650,FAMIA,2022-08-29,30,"59,6",54
10650,FAMIA,2022-08-29,30,"207,12",30
10711,SAVEA,2022-10-21,12,"73,6",19
10711,SAVEA,2022-10-21,42,"77,2",41
10711,SAVEA,2022-10-21,120,"262,4",53
10851,RICAR,2023-01-26,10,112,25
10851,RICAR,2023-01-26,10,156,57
10851,RICAR,2023-01-26,5,152,2
10851,RICAR,2023-01-26,42,440,59
10463,SUPRD,2022-03-04,21,"58,4",19
10463,SUPRD,2022-03-04,50,"89,6",42
10320,WARTH,2021-10-03,30,"137,6",71
10378,FOLKO,2021-12-10,6,"137,6",71
10333,WARTH,2021-10-18,10,"148,8",14
10333,WARTH,2021-10-18,10,64,21
10333,WARTH,2021-10-18,40,"137,6",71
10730,BONAP,2022-11-05,10,"168,4",65
10730,BONAP,2022-11-05,15,"139,6",16
10730,BONAP,2022-11-05,3,100,31
10397,PRINI,2021-12-27,10,64,21
10397,PRINI,2021-12-27,18,"339,2",51
10359,SEVES,2021-11-21,70,80,31
10359,SEVES,2021-11-21,80,"217,6",60
10359,SEVES,2021-11-21,56,"111,2",16
10358,LAMAI,2021-11-20,10,"28,8",24
10358,LAMAI,2021-11-20,10,"89,6",34
10358,LAMAI,2021-11-20,20,"121,6",36
10269,WHITC,2021-07-31,20,"222,4",72
10269,WHITC,2021-07-31,60,16,33
10607,SAVEA,2022-07-22,12,"278,4",72
10607,SAVEA,2022-07-22,42,"147,2",40
10607,SAVEA,2022-07-22,45,240,7
10607,SAVEA,2022-07-22,100,312,17
10607,SAVEA,2022-07-22,14,20,33
10649,MAISD,2022-08-28,15,"278,4",72
10649,MAISD,2022-08-28,20,"364,8",28
10714,SAVEA,2022-10-22,12,106,58
10714,SAVEA,2022-10-22,30,152,2
10714,SAVEA,2022-10-22,50,76,47
10714,SAVEA,2022-10-22,18,304,56
10714,SAVEA,2022-10-22,27,312,17
10761,RATTC,2022-12-02,35,112,25
10761,RATTC,2022-12-02,18,62,75
10372,QUEEN,2021-12-04,12,"518,4",20
10372,QUEEN,2021-12-04,40,"1686,4",38
10372,QUEEN,2021-12-04,42,"222,4",72
10372,QUEEN,2021-12-04,70,"217,6",60
10675,FRANK,2022-09-19,10,"262,4",53
10675,FRANK,2022-09-19,30,186,14
10675,FRANK,2022-09-19,30,106,58
10248,VINET,2021-07-04,10,"78,4",42
10248,VINET,2021-07-04,5,"194,4",72
10248,VINET,2021-07-04,12,62,75
10648,RICAR,2022-08-28,15,36,24
10648,RICAR,2022-08-28,15,168,22
10654,BERGS,2022-09-02,12,176,4
10654,BERGS,2022-09-02,6,"59,6",54
10654,BERGS,2022-09-02,20,144,39
10721,QUICK,2022-10-29,50,"155,6",44
10866,BERGS,2023-02-03,40,"207,12",30
10866,BERGS,2023-02-03,6,36,24
10866,BERGS,2023-02-03,21,152,2
10575,MORGK,2022-06-20,10,144,76
10575,MORGK,2022-06-20,12,440,59
10575,MORGK,2022-06-20,6,"351,2",63
10575,MORGK,2022-06-20,30,"278,4",72
10869,SEVES,2023-02-04,10,168,11
10869,SEVES,2023-02-04,40,144,1
10869,SEVES,2023-02-04,20,100,68
10869,SEVES,2023-02-04,50,72,23
10529,MAISD,2022-05-07,10,288,69
10529,MAISD,2022-05-07,20,100,68
10529,MAISD,2022-05-07,14,192,55
11043,SPECD,2023-04-22,10,168,11
10823,LILAS,2023-01-09,40,440,59
10823,LILAS,2023-01-09,15,104,77
10823,LILAS,2023-01-09,15,156,57
10823,LILAS,2023-01-09,20,168,11
10872,GODOS,2023-02-05,10,192,55
10872,GODOS,2023-02-05,15,266,64
10872,GODOS,2023-02-05,20,"394,4",62
10872,GODOS,2023-02-05,21,"168,4",65
10812,REGGC,2023-01-02,40,"278,4",72
10812,REGGC,2023-01-02,20,104,77
10812,REGGC,2023-01-02,16,100,31
10922,HANAR,2023-03-03,35,36,24
10922,HANAR,2023-03-03,15,312,17
10569,RATTC,2022-06-16,35,100,31
10569,RATTC,2022-06-16,30,144,76
10474,PERIC,2022-03-13,10,"49,6",75
10474,PERIC,2022-03-13,12,"148,8",14
10474,PERIC,2022-03-13,21,"117,6",40
10474,PERIC,2022-03-13,18,"291,2",28
10254,CHOPS,2021-07-11,15,"28,8",24
10254,CHOPS,2021-07-11,21,"153,6",55
10254,CHOPS,2021-07-11,21,64,74
10477,PRINI,2022-03-17,15,"115,2",1
10477,PRINI,2022-03-17,20,"115,2",39
10477,PRINI,2022-03-17,21,64,21
10297,BLONP,2021-09-04,20,"222,4",72
10297,BLONP,2021-09-04,60,"115,2",39
10870,WOLZA,2023-02-04,2,424,51
10870,WOLZA,2023-02-04,3,144,35
10841,SUPRD,2023-01-20,15,104,77
10841,SUPRD,2023-01-20,30,304,56
10841,SUPRD,2023-01-20,50,440,59
10841,SUPRD,2023-01-20,16,248,10
10954,LINOD,2023-03-17,25,100,31
10954,LINOD,2023-03-17,30,76,45
10954,LINOD,2023-03-17,28,"139,6",16
10954,LINOD,2023-03-17,24,272,60
10549,QUICK,2022-05-27,100,76,45
10549,QUICK,2022-05-27,48,424,51
10549,QUICK,2022-05-27,55,100,31
10874,GODOS,2023-02-06,10,248,10
10747,PICCO,2022-11-19,9,"351,2",63
10747,PICCO,2022-11-19,35,"77,2",41
10747,PICCO,2022-11-19,30,288,69
10747,PICCO,2022-11-19,8,100,31
11031,SAVEA,2023-04-17,20,266,64
11031,SAVEA,2023-04-17,21,36,24
11031,SAVEA,2023-04-17,16,172,71
11031,SAVEA,2023-04-17,45,144,1
11031,SAVEA,2023-04-17,80,48,13
10744,VAFFE,2022-11-17,50,"147,2",40
10555,SAVEA,2022-06-02,40,304,56
10555,SAVEA,2022-06-02,35,"73,6",19
10555,SAVEA,2022-06-02,20,424,51
10555,SAVEA,2022-06-02,30,186,14
10555,SAVEA,2022-06-02,18,36,24
10274,VINET,2021-08-06,20,"137,6",71
10274,VINET,2021-08-06,7,"222,4",72
10833,OTTIK,2023-01-15,9,"262,4",53
10833,OTTIK,2023-01-15,9,100,31
10833,OTTIK,2023-01-15,20,240,7
10973,LACOR,2023-03-24,10,62,75
10973,LACOR,2023-03-24,5,"249,84",26
10973,LACOR,2023-03-24,6,"77,2",41
10965,OLDWO,2023-03-20,16,424,51
10519,CHOPS,2022-04-28,10,272,60
10519,CHOPS,2022-04-28,40,304,56
10519,CHOPS,2022-04-28,16,248,10
10956,BLAUS,2023-03-17,12,80,21
10956,BLAUS,2023-03-17,8,424,51
10956,BLAUS,2023-03-17,14,76,47
10656,GREAL,2022-09-04,6,76,47
10656,GREAL,2022-09-04,28,"155,6",44
10656,GREAL,2022-09-04,3,186,14
10959,GOURL,2023-03-18,20,62,75
10701,HUNGO,2022-10-13,35,144,76
10701,HUNGO,2022-10-13,20,172,71
10701,HUNGO,2022-10-13,42,440,59
10370,CHOPS,2021-12-03,15,"115,2",1
10370,CHOPS,2021-12-03,20,64,74
10370,CHOPS,2021-12-03,30,"212,8",64
10822,TRAIH,2023-01-08,6,120,70
10822,TRAIH,2023-01-08,3,"394,4",62
10929,FRANK,2023-03-05,15,104,77
10929,FRANK,2023-03-05,60,80,21
10929,FRANK,2023-03-05,49,62,75
10510,SAVEA,2022-04-18,36,62,75
10510,SAVEA,2022-04-18,36,"990,32",29
10637,QUEEN,2022-08-19,10,168,11
10637,QUEEN,2022-08-19,25,130,50
10637,QUEEN,2022-08-19,60,304,56
11025,WARTH,2023-04-15,10,144,1
11025,WARTH,2023-04-15,20,48,13
10489,PICCO,2022-03-28,15,"134,4",11
10489,PICCO,2022-03-28,18,"111,2",16
10599,BSBEV,2022-07-15,10,"394,4",62
10296,LILAS,2021-09-03,12,"134,4",11
10296,LILAS,2021-09-03,15,"230,4",69
10296,LILAS,2021-09-03,30,"111,2",16
10754,MAGAA,2022-11-25,3,"147,2",40
10395,HILAA,2021-12-26,28,"76,8",46
10395,HILAA,2021-12-26,70,"209,6",53
10395,HILAA,2021-12-26,8,"230,4",69
10446,TOMSP,2022-02-14,12,"58,4",19
10446,TOMSP,2022-02-14,15,"44,8",52
10446,TOMSP,2022-02-14,20,"28,8",24
10446,TOMSP,2022-02-14,3,80,31
10480,FOLIG,2022-03-20,12,352,59
10480,FOLIG,2022-03-20,30,"60,8",47
10885,SUPRD,2023-02-12,12,36,24
10885,SUPRD,2023-02-12,20,152,2
10885,SUPRD,2023-02-12,25,104,77
10885,SUPRD,2023-02-12,30,120,70
10914,QUEEN,2023-02-27,25,172,71
10757,SAVEA,2022-11-27,30,112,34
10757,SAVEA,2022-11-27,30,"394,4",62
10757,SAVEA,2022-11-27,24,266,64
10757,SAVEA,2022-11-27,7,440,59
10249,TOMSP,2021-07-05,9,"148,8",14
10249,TOMSP,2021-07-05,40,"339,2",51
10559,BLONP,2022-06-05,12,"77,2",41
10559,BLONP,2022-06-05,18,192,55
10764,ERNSH,2022-12-03,20,80,3
10764,ERNSH,2022-12-03,130,144,39
10804,SEVES,2022-12-30,36,248,10
10804,SEVES,2022-12-30,4,160,49
10804,SEVES,2022-12-30,24,"364,8",28
10390,ERNSH,2021-12-23,40,"115,2",35
10390,ERNSH,2021-12-23,60,80,31
10390,ERNSH,2021-12-23,24,"222,4",72
10390,ERNSH,2021-12-23,45,"76,8",46
10539,BSBEV,2022-05-16,15,80,21
10539,BSBEV,2022-05-16,15,20,33
10539,BSBEV,2022-05-16,6,160,49
10539,BSBEV,2022-05-16,8,48,13
10703,FOLKO,2022-10-14,5,152,2
10703,FOLKO,2022-10-14,35,120,73
10703,FOLKO,2022-10-14,35,440,59
10271,SPLIR,2021-08-01,24,16,33
10791,FRANK,2022-12-23,20,"77,2",41
10791,FRANK,2022-12-23,14,"990,32",29
10794,QUEDE,2022-12-24,15,186,14
10794,QUEDE,2022-12-24,6,"59,6",54
10317,LONEP,2021-09-30,20,"115,2",1
10356,WANDK,2021-11-18,12,"153,6",55
10356,WANDK,2021-11-18,20,"230,4",69
10356,WANDK,2021-11-18,30,80,31
10999,OTTIK,2023-04-03,15,424,51
10999,OTTIK,2023-04-03,20,"77,2",41
10999,OTTIK,2023-04-03,21,104,77
10350,LAMAI,2021-11-11,15,104,50
10350,LAMAI,2021-11-11,18,"230,4",69
10643,ALFKI,2022-08-25,15,112,42
10643,ALFKI,2022-08-25,21,304,56
10643,ALFKI,2022-08-25,2,72,23
10708,THEBI,2022-10-17,5,152,36
10708,THEBI,2022-10-17,4,"170,8",5
10291,QUEDE,2021-08-27,20,"38,4",13
10291,QUEDE,2021-08-27,2,"339,2",51
10291,QUEDE,2021-08-27,24,124,44
10867,LONEP,2023-02-03,3,"262,4",53
10790,GOURL,2022-12-22,20,304,56
10790,GOURL,2022-12-22,3,240,7
10272,RATTC,2021-08-02,40,80,31
10272,RATTC,2021-08-02,6,"518,4",20
10272,RATTC,2021-08-02,24,"222,4",72
10735,LETSS,2022-11-10,20,228,61
10735,LETSS,2022-11-10,2,104,77
10355,AROUT,2021-11-15,25,"124,8",57
10355,AROUT,2021-11-15,25,"28,8",24
10826,BLONP,2023-01-12,35,100,31
10826,BLONP,2023-01-12,15,156,57
10423,GOURL,2022-01-23,20,352,59
10423,GOURL,2022-01-23,14,80,31
10500,LAMAI,2022-04-09,12,124,15
10500,LAMAI,2022-04-09,8,"364,8",28
10264,FOLKO,2021-07-24,35,"121,6",2
10264,FOLKO,2021-07-24,25,"61,6",41
10503,HUNGO,2022-04-11,20,"168,4",65
10503,HUNGO,2022-04-11,70,186,14
10611,WOLZA,2022-07-25,10,152,2
10611,WOLZA,2022-07-25,15,272,60
10611,WOLZA,2022-07-25,6,144,1
10528,GREAL,2022-05-06,9,"278,4",72
10528,GREAL,2022-05-06,8,20,33
10528,GREAL,2022-05-06,3,168,11
10704,QUEEN,2022-10-14,35,36,24
10704,QUEEN,2022-10-14,6,176,4
10704,QUEEN,2022-10-14,24,102,48
10944,BOTTM,2023-03-12,5,168,11
10944,BOTTM,2023-03-12,18,304,56
10944,BOTTM,2023-03-12,18,"155,6",44
10425,LAMAI,2022-01-24,10,"153,6",55
10425,LAMAI,2022-01-24,20,"115,2",76
10439,MEREP,2022-02-07,15,"243,2",12
10439,MEREP,2022-02-07,6,"212,8",64
10439,MEREP,2022-02-07,30,64,74
10439,MEREP,2022-02-07,16,"111,2",16
10298,HUNGO,2021-09-05,40,"121,6",2
10298,HUNGO,2021-09-05,40,"121,6",36
10298,HUNGO,2021-09-05,15,"315,2",62
10298,HUNGO,2021-09-05,30,352,59
10907,SPECD,2023-02-25,14,62,75
10933,ISLAT,2023-03-06,30,228,61
10933,ISLAT,2023-03-06,2,"262,4",53
10876,BONAP,2023-02-09,20,266,64
10876,BONAP,2023-02-09,21,96,46
10367,VAFFE,2021-11-28,15,"134,4",65
10367,VAFFE,2021-11-28,36,"89,6",34
10367,VAFFE,2021-11-28,7,"83,2",77
10367,VAFFE,2021-11-28,18,"47,2",54
10896,MAISD,2023-02-19,15,76,45
10896,MAISD,2023-02-19,16,304,56
10513,WANDK,2022-04-22,40,80,21
10513,WANDK,2022-04-22,15,228,61
10513,WANDK,2022-04-22,50,256,32
10923,LAMAI,2023-03-03,10,112,42
10923,LAMAI,2023-03-03,10,368,43
10923,LAMAI,2023-03-03,24,112,67
10639,SANTG,2022-08-20,8,500,18
10507,ANTON,2022-04-15,15,368,43
10507,ANTON,2022-04-15,15,102,48
10993,FOLKO,2023-04-01,35,"77,2",41
10993,FOLKO,2023-04-01,50,"990,32",29
10695,WILMK,2022-10-07,10,320,8
10695,WILMK,2022-10-07,20,36,24
10695,WILMK,2022-10-07,4,304,12
10597,PICCO,2022-07-11,12,"168,4",65
10597,PICCO,2022-07-11,35,36,24
10597,PICCO,2022-07-11,20,156,57
11037,GODOS,2023-04-21,4,120,70
10809,WELLI,2023-01-01,20,56,52
10678,SAVEA,2022-09-23,30,"59,6",54
10678,SAVEA,2022-09-23,30,20,33
10678,SAVEA,2022-09-23,100,304,12
10678,SAVEA,2022-09-23,120,"77,2",41
10880,FOLKO,2023-02-10,30,228,61
10880,FOLKO,2023-02-10,30,72,23
10880,FOLKO,2023-02-10,50,120,70
10531,OCEAN,2022-05-08,2,440,59
10550,GODOS,2022-05-28,10,228,61
10550,GODOS,2022-05-28,10,"73,6",19
10550,GODOS,2022-05-28,6,80,21
10550,GODOS,2022-05-28,8,312,17
10818,MAGAA,2023-01-07,20,256,32
10818,MAGAA,2023-01-07,20,"77,2",41
10661,HUNGO,2022-09-09,3,144,39
10661,HUNGO,2022-09-09,49,106,58
10667,ERNSH,2022-09-12,45,288,69
10667,ERNSH,2022-09-12,14,172,71
10527,QUICK,2022-05-05,30,152,36
10527,QUICK,2022-05-05,50,176,4
10458,SUPRD,2022-02-26,15,"243,2",56
10458,SUPRD,2022-02-26,20,"294,4",43
10458,SUPRD,2022-02-26,30,"291,2",28
10458,SUPRD,2022-02-26,30,"199,2",26
10458,SUPRD,2022-02-26,50,"137,6",71
10573,ANTON,2022-06-19,40,112,34
10573,ANTON,2022-06-19,25,"262,4",53
10573,ANTON,2022-06-19,18,312,17
10937,CACTU,2023-03-10,20,112,34
10937,CACTU,2023-03-10,8,"364,8",28
10633,ERNSH,2022-08-15,35,"249,84",26
10633,ERNSH,2022-08-15,36,304,12
10633,ERNSH,2022-08-15,80,"394,4",62
10633,ERNSH,2022-08-15,13,48,13
10836,ERNSH,2023-01-16,6,144,35
10836,ERNSH,2023-01-16,30,266,64
10836,ERNSH,2023-01-16,60,272,60
10836,ERNSH,2023-01-16,24,156,57
10836,ERNSH,2023-01-16,52,168,22
10532,EASTC,2022-05-09,15,"207,12",30
10532,EASTC,2022-05-09,24,136,66
10642,SIMOB,2022-08-22,20,228,61
10642,SIMOB,2022-08-22,30,80,21
10585,WELLI,2022-07-01,15,76,47
10520,SANTG,2022-04-29,5,"262,4",53
10520,SANTG,2022-04-29,8,36,24
10497,LEHMS,2022-04-04,25,"83,2",77
10497,LEHMS,2022-04-04,25,"222,4",72
10497,LEHMS,2022-04-04,14,"243,2",56
10777,GOURL,2022-12-15,20,112,42
10322,PERIC,2021-10-04,20,"44,8",52
11030,SAVEA,2023-04-17,60,"990,32",29
11030,SAVEA,2023-04-17,70,"170,8",5
11030,SAVEA,2023-04-17,100,152,2
11030,SAVEA,2023-04-17,100,440,59
10490,HILAA,2022-03-31,30,80,68
10490,HILAA,2022-03-31,60,352,59
10490,HILAA,2022-03-31,36,"49,6",75
10319,TORTU,2021-10-02,30,"115,2",76
10319,TORTU,2021-10-02,8,"249,6",17
10319,TORTU,2021-10-02,14,"291,2",28
11033,RICSU,2023-04-17,36,288,69
11033,RICSU,2023-04-17,70,"262,4",53
10941,SAVEA,2023-03-11,30,"394,4",62
10941,SAVEA,2023-03-11,50,"278,4",72
10941,SAVEA,2023-03-11,80,100,68
10941,SAVEA,2023-03-11,44,100,31
10335,HUNGO,2021-10-22,6,"204,8",32
10335,HUNGO,2021-10-22,25,80,31
10335,HUNGO,2021-10-22,7,"121,6",2
10335,HUNGO,2021-10-22,48,"339,2",51
11048,BOTTM,2023-04-24,42,100,68
10775,THECR,2022-12-12,6,248,10
10775,THECR,2022-12-12,3,112,67
10958,OCEAN,2023-03-18,5,"278,4",72
10958,OCEAN,2023-03-18,6,240,7
10958,OCEAN,2023-03-18,20,"170,8",5
10666,RICSU,2022-09-12,10,"168,4",65
10666,RICSU,2022-09-12,36,"990,32",29
10424,MEREP,2022-01-23,30,80,68
10424,MEREP,2022-01-23,60,"115,2",35
10424,MEREP,2022-01-23,49,"1686,4",38
10523,SEVES,2022-05-01,15,648,20
10523,SEVES,2022-05-01,6,"77,2",41
10523,SEVES,2022-05-01,25,312,17
10523,SEVES,2022-05-01,18,208,37
11047,EASTC,2023-04-24,25,144,1
11047,EASTC,2023-04-24,30,"170,8",5
11055,HILAA,2023-04-28,15,36,24
11055,HILAA,2023-04-28,15,112,25
11055,HILAA,2023-04-28,20,156,57
11055,HILAA,2023-04-28,20,424,51
10890,DUMON,2023-02-16,10,112,34
10890,DUMON,2023-02-16,15,312,17
10890,DUMON,2023-02-16,14,"77,2",41
10593,LEHMS,2022-07-09,20,288,69
10593,LEHMS,2022-07-09,21,648,20
10593,LEHMS,2022-07-09,4,144,76
10512,FAMIA,2022-04-21,10,36,24
10512,FAMIA,2022-04-21,12,272,60
10512,FAMIA,2022-04-21,9,96,46
10512,FAMIA,2022-04-21,6,76,47
10496,TRADH,2022-04-04,20,80,31
10891,LEHMS,2023-02-17,15,"207,12",30
10731,CHOPS,2022-11-06,40,80,21
10731,CHOPS,2022-11-06,30,424,51
10303,GODOS,2021-09-11,40,"117,6",40
10303,GODOS,2021-09-11,15,80,68
10303,GODOS,2021-09-11,30,"134,4",65
10336,PRINI,2021-10-23,18,"140,8",4
11066,WHITC,2023-05-01,35,112,34
11066,WHITC,2023-05-01,42,"73,6",19
11066,WHITC,2023-05-01,3,"139,6",16
10609,DUMON,2022-07-24,10,248,10
10609,DUMON,2022-07-24,6,80,21
10609,DUMON,2022-07-24,3,144,1
10308,ANATR,2021-09-18,5,96,70
10308,ANATR,2021-09-18,1,"230,4",69
10428,REGGC,2022-01-28,20,"76,8",46
10868,QUEEN,2023-02-04,20,"249,84",26
10868,QUEEN,2023-02-04,42,160,49
10868,QUEEN,2023-02-04,30,144,35
10797,DRACD,2022-12-25,20,168,11
10341,SIMOB,2021-10-29,9,352,59
10341,SIMOB,2021-10-29,8,16,33
10349,SPLIR,2021-11-08,24,"47,2",54
10601,HILAA,2022-07-16,35,440,59
10601,HILAA,2022-07-16,60,48,13
10406,QUEEN,2022-01-07,10,"115,2",1
10406,QUEEN,2022-01-07,5,"121,6",36
10406,QUEEN,2022-01-07,42,"291,2",28
10406,QUEEN,2022-01-07,30,64,21
10406,QUEEN,2022-01-07,2,"117,6",40
10848,CONSH,2023-01-23,30,"170,8",5
10848,CONSH,2023-01-23,3,776,9
10659,QUEEN,2022-09-05,40,120,70
10659,QUEEN,2022-09-05,20,100,31
10659,QUEEN,2022-09-05,24,"147,2",40
10353,PICCO,2021-11-13,12,"134,4",11
10353,PICCO,2021-11-13,50,"1686,4",38
10483,WHITC,2022-03-24,35,"89,6",34
10483,WHITC,2022-03-24,30,"83,2",77
10289,BSBEV,2021-08-26,9,"212,8",64
10289,BSBEV,2021-08-26,30,64,3
10997,LILAS,2023-04-03,20,96,46
10997,LILAS,2023-04-03,20,56,52
10997,LILAS,2023-04-03,50,256,32
10560,FRANK,2022-06-06,15,"394,4",62
10560,FRANK,2022-06-06,20,"207,12",30
10998,WOLZA,2023-04-03,12,36,24
10998,WOLZA,2023-04-03,20,80,74
10998,WOLZA,2023-04-03,30,62,75
10998,WOLZA,2023-04-03,7,228,61
10301,WANDK,2021-09-09,10,"117,6",40
10301,WANDK,2021-09-09,20,"243,2",56
10455,WARTH,2022-02-24,20,"115,2",39
10455,WARTH,2022-02-24,25,"182,4",61
10455,WARTH,2022-02-24,30,"137,6",71
10455,WARTH,2022-02-24,50,"209,6",53
10596,WHITC,2022-07-11,5,304,56
10596,WHITC,2022-07-11,30,62,75
10596,WHITC,2022-07-11,24,"351,2",63
10498,HILAA,2022-04-07,5,"147,2",40
10498,HILAA,2022-04-07,30,112,42
10498,HILAA,2022-04-07,14,36,24
10986,OCEAN,2023-03-30,10,144,76
10986,OCEAN,2023-03-30,15,104,77
10986,OCEAN,2023-03-30,15,648,20
10986,OCEAN,2023-03-30,30,168,11
10310,THEBI,2021-09-20,10,"111,2",16
10310,THEBI,2021-09-20,5,"315,2",62
10862,LEHMS,2023-01-30,25,168,11
10862,LEHMS,2023-01-30,8,56,52
10421,QUEDE,2022-01-21,10,"83,2",77
10421,QUEDE,2022-01-21,15,"209,6",53
10421,QUEDE,2022-01-21,30,"199,2",26
10421,QUEDE,2022-01-21,4,"58,4",19
10844,PICCO,2023-01-21,35,168,22
10279,LEHMS,2021-08-13,15,"249,6",17
10940,BONAP,2023-03-11,20,48,13
10940,BONAP,2023-03-11,8,240,7
10278,BERGS,2021-08-12,15,352,59
10278,BERGS,2021-08-12,25,96,73
10278,BERGS,2021-08-12,16,124,44
10278,BERGS,2021-08-12,8,"280,8",63
10961,QUEEN,2023-03-19,6,56,52
10961,QUEEN,2023-03-19,60,144,76
10318,ISLAT,2021-10-01,6,"115,2",76
10318,ISLAT,2021-10-01,20,"61,6",41
10979,ERNSH,2023-03-26,35,"351,2",63
10979,ERNSH,2023-03-26,20,304,12
10979,ERNSH,2023-03-26,30,"351,2",27
10979,ERNSH,2023-03-26,24,100,31
10979,ERNSH,2023-03-26,18,240,7
10979,ERNSH,2023-03-26,80,36,24
10610,LAMAI,2022-07-25,21,152,36
10887,GALED,2023-02-13,5,112,25
10491,FURIB,2022-03-31,15,124,44
10491,FURIB,2022-03-31,7,"83,2",77
10565,MEREP,2022-06-11,25,36,24
10565,MEREP,2022-06-11,18,266,64
10857,BERGS,2023-01-28,10,"990,32",29
10857,BERGS,2023-01-28,35,"249,84",26
10857,BERGS,2023-01-28,30,80,3
10450,VICTE,2022-02-19,6,"47,2",54
10450,VICTE,2022-02-19,20,"198,4",10
10443,REGGC,2022-02-12,12,"291,2",28
10443,REGGC,2022-02-12,6,"134,4",11
10435,CONSH,2022-02-04,10,"121,6",2
10435,CONSH,2022-02-04,10,"222,4",72
10435,CONSH,2022-02-04,12,"134,4",22
10534,LEHMS,2022-05-12,10,"147,2",40
10534,LEHMS,2022-05-12,10,"59,6",54
10534,LEHMS,2022-05-12,10,"207,12",30
10543,LILAS,2022-05-21,30,304,12
10543,LILAS,2022-05-21,70,72,23
10452,SAVEA,2022-02-20,15,"291,2",28
10452,SAVEA,2022-02-20,100,124,44
10824,FOLKO,2023-01-09,12,"77,2",41
10824,FOLKO,2023-01-09,9,120,70
10456,KOENE,2022-02-25,40,64,21
10456,KOENE,2022-02-25,21,128,49
10369,SPLIR,2021-12-02,20,792,29
10369,SPLIR,2021-12-02,18,"243,2",56
10472,SEVES,2022-03-12,18,"339,2",51
10472,SEVES,2022-03-12,80,"28,8",24
10955,FOLKO,2023-03-17,12,62,75
10533,FOLKO,2022-05-12,50,176,4
10533,FOLKO,2022-05-12,24,120,73
10533,FOLKO,2022-05-12,24,"278,4",72
10481,RICAR,2022-03-20,40,"217,6",60
10481,RICAR,2022-03-20,24,128,49
10545,LAZYK,2022-05-22,10,168,11
10962,QUICK,2023-03-19,9,288,69
10962,QUICK,2023-03-19,20,"262,4",53
10962,QUICK,2023-03-19,45,240,7
10962,QUICK,2023-03-19,77,48,13
10962,QUICK,2023-03-19,44,144,76
10883,LONEP,2023-02-12,8,36,24
10467,MAGAA,2022-03-06,12,"89,6",25
10467,MAGAA,2022-03-06,28,"28,8",24
10521,CACTU,2022-04-29,10,"77,2",41
10521,CACTU,2022-04-29,6,100,68
10521,CACTU,2022-04-29,3,144,35
10437,WARTH,2022-02-05,15,"209,6",53
11007,PRINI,2023-04-08,10,"990,32",29
11007,PRINI,2023-04-08,30,320,8
11007,PRINI,2023-04-08,14,112,42
10811,LINOD,2023-01-02,15,"73,6",19
10811,LINOD,2023-01-02,30,"147,2",40
10811,LINOD,2023-01-02,18,72,23
10932,BONAP,2023-03-06,20,62,75
10932,BONAP,2023-03-06,30,"139,6",16
10932,BONAP,2023-03-06,16,"278,4",72
10932,BONAP,2023-03-06,14,"394,4",62
10706,OLDWO,2022-10-16,20,"139,6",16
10706,OLDWO,2022-10-16,24,368,43
10706,OLDWO,2022-10-16,8,440,59
10262,RATTC,2021-07-22,12,136,5
10262,RATTC,2021-07-22,15,192,7
10262,RATTC,2021-07-22,2,"243,2",56
10380,HUNGO,2021-12-12,6,"217,6",60
10380,HUNGO,2021-12-12,20,"209,6",53
10380,HUNGO,2021-12-12,30,96,70
10380,HUNGO,2021-12-12,18,"165,6",30
10603,SAVEA,2022-07-18,25,160,49
10603,SAVEA,2022-07-18,48,168,22
10589,GREAL,2022-07-04,4,144,35
10571,ERNSH,2022-06-17,28,112,42
10571,ERNSH,2022-06-17,11,186,14
11034,OLDWO,2023-04-20,12,"155,6",44
11034,OLDWO,2023-04-20,15,80,21
11034,OLDWO,2023-04-20,6,228,61
11036,DRACD,2023-04-20,30,440,59
11036,DRACD,2023-04-20,7,48,13
10268,GROSR,2021-07-30,10,792,29
10268,GROSR,2021-07-30,4,"222,4",72
10696,WHITC,2022-10-08,20,312,17
10696,WHITC,2022-10-08,18,96,46
10694,QUICK,2022-10-06,25,440,59
10694,QUICK,2022-10-06,50,120,70
10694,QUICK,2022-10-06,90,240,7
10852,RATTC,2023-01-26,15,152,2
10852,RATTC,2023-01-26,6,312,17
10852,RATTC,2023-01-26,50,"394,4",62
10651,WANDK,2022-09-01,12,"73,6",19
10651,WANDK,2022-09-01,20,168,22
10770,HANAR,2022-12-09,15,168,11
10305,OLDWO,2021-09-13,25,792,29
10305,OLDWO,2021-09-13,25,400,18
10305,OLDWO,2021-09-13,30,"115,2",39
10383,AROUT,2021-12-16,15,104,50
10383,AROUT,2021-12-16,20,"243,2",56
10383,AROUT,2021-12-16,20,"38,4",13
10987,EASTC,2023-03-31,6,368,43
10987,EASTC,2023-03-31,20,"278,4",72
10987,EASTC,2023-03-31,60,240,7
10276,TORTU,2021-08-08,10,"38,4",13
10276,TORTU,2021-08-08,15,"198,4",10
10290,COMMI,2021-08-27,10,"83,2",77
10290,COMMI,2021-08-27,15,128,49
10290,COMMI,2021-08-27,15,792,29
10290,COMMI,2021-08-27,20,136,5
10399,VAFFE,2021-12-31,35,"115,2",76
10399,VAFFE,2021-12-31,30,"137,6",71
10399,VAFFE,2021-12-31,60,80,68
10399,VAFFE,2021-12-31,14,"83,2",77
10460,FOLKO,2022-02-28,21,80,68
10460,FOLKO,2022-02-28,4,"49,6",75
10632,WANDK,2022-08-14,20,20,33
10632,WANDK,2022-08-14,30,152,2
10286,QUICK,2021-08-21,40,"315,2",62
10286,QUICK,2021-08-21,100,"115,2",35
10631,LAMAI,2022-08-14,8,62,75
10614,BLAUS,2022-07-29,5,144,39
10614,BLAUS,2022-07-29,8,80,21
10614,BLAUS,2022-07-29,14,168,11
10408,FOLIG,2022-01-08,10,"166,4",37
10408,FOLIG,2022-01-08,35,"315,2",62
10408,FOLIG,2022-01-08,6,"47,2",54
10977,FOLKO,2023-03-26,10,424,51
10977,FOLKO,2023-03-26,20,"351,2",63
10977,FOLKO,2023-03-26,30,76,47
10977,FOLKO,2023-03-26,30,144,39
10287,RICAR,2021-08-22,40,"111,2",16
10287,RICAR,2021-08-22,15,"76,8",46
10287,RICAR,2021-08-22,20,"89,6",34
10476,HILAA,2022-03-17,12,96,70
10476,HILAA,2022-03-17,2,"153,6",55
10366,GALED,2021-11-28,5,"134,4",65
10366,GALED,2021-11-28,5,"83,2",77
10488,FRANK,2022-03-27,20,96,73
10488,FRANK,2022-03-27,30,352,59
10720,QUEDE,2022-10-28,21,144,35
10720,QUEDE,2022-10-28,8,172,71
10845,QUICK,2023-01-21,25,144,35
10845,QUICK,2023-01-21,42,112,42
10845,QUICK,2023-01-21,60,106,58
10845,QUICK,2023-01-21,70,72,23
10845,QUICK,2023-01-21,48,266,64
10719,LETSS,2022-10-27,12,500,18
10719,LETSS,2022-10-27,40,"59,6",54
10719,LETSS,2022-10-27,3,"207,12",30
10679,BLONP,2022-09-23,12,440,59
10354,PERIC,2021-11-14,12,"115,2",1
10354,PERIC,2021-11-14,4,792,29
10786,QUEEN,2022-12-19,15,"207,12",30
10786,QUEEN,2022-12-19,42,62,75
10786,QUEEN,2022-12-19,30,320,8
10412,WARTH,2022-01-13,20,"148,8",14
10416,WARTH,2022-01-16,10,"209,6",53
10416,WARTH,2022-01-16,20,"124,8",57
10416,WARTH,2022-01-16,20,"58,4",19
10402,ERNSH,2022-01-02,65,"280,8",63
10402,ERNSH,2022-01-02,60,"57,6",23
10957,HILAA,2023-03-18,40,144,35
10957,HILAA,2023-03-18,30,"207,12",30
10957,HILAA,2023-03-18,8,266,64
10334,VICTE,2021-10-21,10,80,68
10334,VICTE,2021-10-21,8,"44,8",52
10635,MAGAA,2022-08-18,10,176,4
10635,MAGAA,2022-08-18,40,168,22
10635,MAGAA,2022-08-18,15,"170,8",5
11050,FOLKO,2023-04-27,50,144,76
10627,SAVEA,2022-08-11,35,120,73
10627,SAVEA,2022-08-11,15,"394,4",62
10722,SAVEA,2022-10-29,42,62,75
10722,SAVEA,2022-10-29,50,100,31
10722,SAVEA,2022-10-29,3,152,2
10722,SAVEA,2022-10-29,45,100,68
10795,ERNSH,2022-12-24,35,312,17
10795,ERNSH,2022-12-24,65,"139,6",16
10660,HUNGC,2022-09-08,21,648,20
11056,EASTC,2023-04-28,40,240,7
11056,EASTC,2023-04-28,35,192,55
11056,EASTC,2023-04-28,50,272,60
10729,LINOD,2022-11-04,40,130,50
10729,LINOD,2022-11-04,30,80,21
10729,LINOD,2022-11-04,50,144,1
10724,MEREP,2022-10-30,5,228,61
10724,MEREP,2022-10-30,16,248,10
10623,FRANK,2022-08-07,15,"73,6",19
10623,FRANK,2022-08-07,25,80,21
10623,FRANK,2022-08-07,21,186,14
10623,FRANK,2022-08-07,30,144,35
10623,FRANK,2022-08-07,3,36,24
10602,VAFFE,2022-07-17,5,104,77
10756,SPLIR,2022-11-27,6,100,68
10756,SPLIR,2022-11-27,20,152,36
10756,SPLIR,2022-11-27,20,288,69
10756,SPLIR,2022-11-27,21,500,18
11046,WANDK,2023-04-23,15,256,32
11046,WANDK,2023-04-23,20,304,12
11046,WANDK,2023-04-23,18,144,35
10475,SUPRD,2022-03-14,35,80,31
10475,SUPRD,2022-03-14,42,"115,2",76
10475,SUPRD,2022-03-14,60,"108,8",66
10963,FURIB,2023-03-19,2,272,60
10736,HUNGO,2022-11-11,40,"168,4",65
10736,HUNGO,2022-11-11,20,62,75
10687,HUNGO,2022-09-30,10,"990,32",29
10687,HUNGO,2022-09-30,6,152,36
10687,HUNGO,2022-09-30,50,776,9
10705,HILAA,2022-10-15,20,100,31
10705,HILAA,2022-10-15,4,256,32
10771,ERNSH,2022-12-10,16,172,71
10263,ERNSH,2021-07-23,60,"111,2",16
10263,ERNSH,2021-07-23,60,"165,6",30
10263,ERNSH,2021-07-23,28,"28,8",24
10263,ERNSH,2021-07-23,36,64,74
10386,FAMIA,2021-12-18,10,"89,6",34
10386,FAMIA,2021-12-18,15,"28,8",24
10411,BOTTM,2022-01-10,9,352,59
10411,BOTTM,2022-01-10,40,124,44
10411,BOTTM,2022-01-10,25,"61,6",41
10849,KOENE,2023-01-23,18,"249,84",26
10849,KOENE,2023-01-23,49,80,3
10953,AROUT,2023-03-16,50,648,20
10953,AROUT,2023-03-16,50,100,31
10782,CACTU,2022-12-17,1,100,31
10799,KOENE,2022-12-26,20,36,24
10799,KOENE,2022-12-26,20,48,13
10799,KOENE,2022-12-26,25,440,59
10646,HUNGO,2022-08-27,35,104,77
10646,HUNGO,2022-08-27,15,144,1
10646,HUNGO,2022-08-27,30,172,71
10646,HUNGO,2022-08-27,18,248,10
10889,RATTC,2023-02-16,40,2108,38
10889,RATTC,2023-02-16,40,168,11
10942,REGGC,2023-03-11,28,160,49
10837,BERGS,2023-01-16,40,76,47
10837,BERGS,2023-01-16,6,48,13
10837,BERGS,2023-01-16,25,"147,2",40
10837,BERGS,2023-01-16,21,144,76
10538,BSBEV,2022-05-15,1,"278,4",72
10538,BSBEV,2022-05-15,7,120,70
10501,BLAUS,2022-04-09,20,"59,6",54
10255,RICSU,2021-07-12,35,"111,2",16
10255,RICSU,2021-07-12,20,"121,6",2
10255,RICSU,2021-07-12,25,"121,6",36
10255,RICSU,2021-07-12,30,352,59
10506,KOENE,2022-04-15,18,112,25
10506,KOENE,2022-04-15,14,120,70
10828,RANCH,2023-01-13,5,648,20
10828,RANCH,2023-01-13,2,2108,38
10829,ISLAT,2023-01-13,10,152,2
10829,ISLAT,2023-01-13,10,48,13
10829,ISLAT,2023-01-13,20,320,8
10829,ISLAT,2023-01-13,21,272,60
10566,BLONP,2022-06-12,10,144,76
10566,BLONP,2022-06-12,35,168,11
10566,BLONP,2022-06-12,18,500,18
10586,REGGC,2022-07-02,4,56,52
10324,SAVEA,2021-10-08,40,352,59
10324,SAVEA,2021-10-08,21,"111,2",16
10324,SAVEA,2021-10-08,30,"76,8",46
10324,SAVEA,2021-10-08,70,"115,2",35
10324,SAVEA,2021-10-08,80,"280,8",63
10331,BONAP,2021-10-16,15,"47,2",54
10745,QUICK,2022-11-18,16,"155,6",44
10745,QUICK,2022-11-18,24,500,18
10745,QUICK,2022-11-18,7,"278,4",72
10745,QUICK,2022-11-18,45,440,59
10970,BOLID,2023-03-24,40,56,52
10893,KOENE,2023-02-18,10,36,24
10893,KOENE,2023-02-18,35,"207,12",30
10893,KOENE,2023-02-18,20,152,36
10893,KOENE,2023-02-18,30,320,8
10893,KOENE,2023-02-18,24,"990,32",29
10672,BERGS,2022-09-17,12,172,71
10672,BERGS,2022-09-17,15,2108,38
10905,WELLI,2023-02-24,20,144,1
10557,LEHMS,2022-06-03,20,62,75
10557,LEHMS,2022-06-03,30,266,64
10853,BLAUS,2023-01-27,10,500,18
11017,ERNSH,2023-04-13,25,80,3
11017,ERNSH,2023-04-13,30,120,70
11017,ERNSH,2023-04-13,110,440,59
10871,BONAP,2023-02-05,12,"139,6",16
10871,BONAP,2023-02-05,50,200,6
10871,BONAP,2023-02-05,16,312,17
11016,AROUT,2023-04-10,15,100,31
11016,AROUT,2023-04-10,16,152,36
11022,HANAR,2023-04-14,35,"73,6",19
11022,HANAR,2023-04-14,30,288,69
10978,MAISD,2023-03-26,10,"147,2",40
10978,MAISD,2023-03-26,40,80,21
10978,MAISD,2023-03-26,6,"155,6",44
10978,MAISD,2023-03-26,20,320,8
10951,RICSU,2023-03-16,15,20,33
10951,RICSU,2023-03-16,6,"77,2",41
10951,RICSU,2023-03-16,50,62,75
10750,WARTH,2022-11-21,5,186,14
10750,WARTH,2022-11-21,40,76,45
10750,WARTH,2022-11-21,25,440,59
10577,TRAIH,2022-06-23,10,144,39
10577,TRAIH,2022-06-23,20,62,75
10577,TRAIH,2022-06-23,18,104,77
11008,ERNSH,2023-04-08,21,172,71
11008,ERNSH,2023-04-08,70,"364,8",28
11008,ERNSH,2023-04-08,90,112,34
11019,RANCH,2023-04-13,2,160,49
11019,RANCH,2023-04-13,3,96,46
11039,LINOD,2023-04-21,20,"364,8",28
11039,LINOD,2023-04-21,60,160,49
11039,LINOD,2023-04-21,28,156,57
11039,LINOD,2023-04-21,24,144,35
11040,GREAL,2023-04-22,20,80,21
11045,BOTTM,2023-04-23,15,20,33
11045,BOTTM,2023-04-23,24,424,51
11051,LAMAI,2023-04-27,10,36,24
11054,CACTU,2023-04-28,10,20,33
11054,CACTU,2023-04-28,20,112,67
11058,BLAUS,2023-04-29,21,272,60
11058,BLAUS,2023-04-29,4,228,61
11058,BLAUS,2023-04-29,3,80,21
11059,RICAR,2023-04-29,12,312,17
11059,RICAR,2023-04-29,35,272,60
11059,RICAR,2023-04-29,30,48,13
11061,GREAL,2023-04-30,15,272,60
11062,REGGC,2023-04-30,10,"262,4",53
11062,REGGC,2023-04-30,12,120,70
11065,LILAS,2023-05-01,20,"59,6",54
11065,LILAS,2023-05-01,4,"207,12",30
11068,QUEEN,2023-05-04,28,104,77
11068,QUEEN,2023-05-04,36,368,43
11068,QUEEN,2023-05-04,8,"364,8",28
11070,LEHMS,2023-05-05,40,144,1
11070,LEHMS,2023-05-05,20,152,2
11070,LEHMS,2023-05-05,20,100,31
11070,LEHMS,2023-05-05,30,"139,6",16
11071,LILAS,2023-05-05,10,48,13
11071,LILAS,2023-05-05,15,240,7
11072,ERNSH,2023-05-05,40,"77,2",41
11072,ERNSH,2023-05-05,8,152,2
11072,ERNSH,2023-05-05,130,266,64
11072,ERNSH,2023-05-05,22,130,50
11073,PERIC,2023-05-05,10,168,11
11073,PERIC,2023-05-05,20,36,24
11074,SIMOB,2023-05-06,14,"139,6",16
11075,RICSU,2023-05-06,10,152,2
11075,RICSU,2023-05-06,30,96,46
11075,RICSU,2023-05-06,2,144,76
11076,BONAP,2023-05-06,10,"73,6",19
11076,BONAP,2023-05-06,20,186,14
11076,BONAP,2023-05-06,20,200,6
11077,RATTC,2023-05-06,1,136,66
11077,RATTC,2023-05-06,1,256,32
11077,RATTC,2023-05-06,1,186,14
11077,RATTC,2023-05-06,1,176,4
11077,RATTC,2023-05-06,1,240,7
11077,RATTC,2023-05-06,1,648,20
11077,RATTC,2023-05-06,1,248,10
11077,RATTC,2023-05-06,1,200,6
11077,RATTC,2023-05-06,2,192,55
11077,RATTC,2023-05-06,2,104,77
11077,RATTC,2023-05-06,2,120,73
11077,RATTC,2023-05-06,2,144,39
11077,RATTC,2023-05-06,2,320,8
11077,RATTC,2023-05-06,2,272,60
11077,RATTC,2023-05-06,2,304,12
11077,RATTC,2023-05-06,2,"139,6",16
11077,RATTC,2023-05-06,2,56,52
11077,RATTC,2023-05-06,2,72,23
11077,RATTC,2023-05-06,2,266,64
11077,RATTC,2023-05-06,4,62,75
11077,RATTC,2023-05-06,4,80,3
11077,RATTC,2023-05-06,4,48,13
11077,RATTC,2023-05-06,24,152,2
11077,RATTC,2023-05-06,3,96,46
11077,RATTC,2023-05-06,3,"77,2",41
11100,BONAP,2023-08-28,,,
11101,BLAUS,2023-08-28,,,
11102,ANATR,2023-08-28,,,
11103,ANATR,2023-08-28,,,
11104,ANTON,2023-08-28,,,
11105,BLAUS,2023-08-28,,,
11106,BERGS,2023-08-28,,,
11107,WHITC,2023-08-28,,,
11108,AROUT,2023-09-07,,,
11109,ANTON,2023-09-07,,,
11110,ALFKI,2023-09-07,,,
11111,ANATR,2023-09-07,,,
11112,ALFKI,2023-09-07,,,
11113,ANTON,2023-09-07,,,
11114,ALFKI,2023-09-07,,,
11115,BSBEV,2023-09-07,,,
11116,BSBEV,2023-09-07,,,
11117,ANTON,2023-09-07,,,
11118,ANATR,2023-09-07,,,
11119,AROUT,2023-09-07,,,
11120,AROUT,2023-09-07,,,
11121,AROUT,2023-09-07,,,
11122,ANTON,2023-09-09,,,
11126,ALFKI,2023-11-03,,,
